,장소코드,장소명,시간대,혼잡수준,최소인원,최대인원
0,POI001,강남 MICE 관광특구,2024-04-15 19:00,보통,18000,20000
1,POI001,강남 MICE 관광특구,2024-04-15 20:00,보통,14000,16000
2,POI001,강남 MICE 관광특구,2024-04-15 21:00,여유,10000,12000
3,POI001,강남 MICE 관광특구,2024-04-15 22:00,여유,6000,6500
4,POI001,강남 MICE 관광특구,2024-04-15 23:00,여유,3500,4000
5,POI001,강남 MICE 관광특구,2024-04-16 00:00,여유,2000,2500
6,POI001,강남 MICE 관광특구,2024-04-16 01:00,여유,1500,2000
7,POI001,강남 MICE 관광특구,2024-04-16 02:00,여유,1000,1500
8,POI001,강남 MICE 관광특구,2024-04-16 03:00,여유,1000,1500
9,POI001,강남 MICE 관광특구,2024-04-16 04:00,여유,1000,1500
10,POI001,강남 MICE 관광특구,2024-04-16 05:00,여유,1000,1500
11,POI001,강남 MICE 관광특구,2024-04-16 06:00,여유,1000,1500
12,POI002,동대문 관광특구,2024-04-15 19:00,약간 붐빔,20000,22000
13,POI002,동대문 관광특구,2024-04-15 20:00,약간 붐빔,20000,22000
14,POI002,동대문 관광특구,2024-04-15 21:00,약간 붐빔,20000,22000
15,POI002,동대문 관광특구,2024-04-15 22:00,약간 붐빔,20000,22000
16,POI002,동대문 관광특구,2024-04-15 23:00,약간 붐빔,20000,22000
17,POI002,동대문 관광특구,2024-04-16 00:00,약간 붐빔,18000,20000
18,POI002,동대문 관광특구,2024-04-16 01:00,약간 붐빔,18000,20000
19,POI002,동대문 관광특구,2024-04-16 02:00,보통,18000,20000
20,POI002,동대문 관광특구,2024-04-16 03:00,보통,16000,18000
21,POI002,동대문 관광특구,2024-04-16 04:00,보통,16000,18000
22,POI002,동대문 관광특구,2024-04-16 05:00,여유,14000,16000
23,POI002,동대문 관광특구,2024-04-16 06:00,여유,12000,14000
24,POI003,명동 관광특구,2024-04-15 19:00,약간 붐빔,50000,52000
25,POI003,명동 관광특구,2024-04-15 20:00,보통,38000,40000
26,POI003,명동 관광특구,2024-04-15 21:00,여유,28000,30000
27,POI003,명동 관광특구,2024-04-15 22:00,여유,20000,22000
28,POI003,명동 관광특구,2024-04-15 23:00,여유,12000,14000
29,POI003,명동 관광특구,2024-04-16 00:00,여유,8500,9000
30,POI003,명동 관광특구,2024-04-16 01:00,여유,6000,6500
31,POI003,명동 관광특구,2024-04-16 02:00,여유,4500,5000
32,POI003,명동 관광특구,2024-04-16 03:00,여유,4000,4500
33,POI003,명동 관광특구,2024-04-16 04:00,여유,4000,4500
34,POI003,명동 관광특구,2024-04-16 05:00,여유,3500,4000
35,POI003,명동 관광특구,2024-04-16 06:00,여유,3500,4000
36,POI004,이태원 관광특구,2024-04-15 19:00,보통,8500,9000
37,POI004,이태원 관광특구,2024-04-15 20:00,보통,8000,8500
38,POI004,이태원 관광특구,2024-04-15 21:00,보통,7000,7500
39,POI004,이태원 관광특구,2024-04-15 22:00,여유,6000,6500
40,POI004,이태원 관광특구,2024-04-15 23:00,여유,5000,5500
41,POI004,이태원 관광특구,2024-04-16 00:00,여유,4000,4500
42,POI004,이태원 관광특구,2024-04-16 01:00,여유,3500,4000
43,POI004,이태원 관광특구,2024-04-16 02:00,여유,3000,3500
44,POI004,이태원 관광특구,2024-04-16 03:00,여유,3000,3500
45,POI004,이태원 관광특구,2024-04-16 04:00,여유,3000,3500
46,POI004,이태원 관광특구,2024-04-16 05:00,여유,2500,3000
47,POI004,이태원 관광특구,2024-04-16 06:00,여유,3000,3500
48,POI005,잠실 관광특구,2024-04-15 19:00,보통,50000,52000
49,POI005,잠실 관광특구,2024-04-15 20:00,보통,46000,48000
50,POI005,잠실 관광특구,2024-04-15 21:00,여유,42000,44000
51,POI005,잠실 관광특구,2024-04-15 22:00,여유,36000,38000
52,POI005,잠실 관광특구,2024-04-15 23:00,여유,28000,30000
53,POI005,잠실 관광특구,2024-04-16 00:00,여유,20000,22000
54,POI005,잠실 관광특구,2024-04-16 01:00,여유,18000,20000
55,POI005,잠실 관광특구,2024-04-16 02:00,여유,16000,18000
56,POI005,잠실 관광특구,2024-04-16 03:00,여유,14000,16000
57,POI005,잠실 관광특구,2024-04-16 04:00,여유,14000,16000
58,POI005,잠실 관광특구,2024-04-16 05:00,여유,12000,14000
59,POI005,잠실 관광특구,2024-04-16 06:00,여유,14000,16000
60,POI006,종로·청계 관광특구,2024-04-15 19:00,약간 붐빔,28000,30000
61,POI006,종로·청계 관광특구,2024-04-15 20:00,보통,22000,24000
62,POI006,종로·청계 관광특구,2024-04-15 21:00,보통,18000,20000
63,POI006,종로·청계 관광특구,2024-04-15 22:00,여유,14000,16000
64,POI006,종로·청계 관광특구,2024-04-15 23:00,여유,10000,12000
65,POI006,종로·청계 관광특구,2024-04-16 00:00,여유,8000,8500
66,POI006,종로·청계 관광특구,2024-04-16 01:00,여유,6500,7000
67,POI006,종로·청계 관광특구,2024-04-16 02:00,여유,6000,6500
68,POI006,종로·청계 관광특구,2024-04-16 03:00,여유,5500,6000
69,POI006,종로·청계 관광특구,2024-04-16 04:00,여유,5000,5500
70,POI006,종로·청계 관광특구,2024-04-16 05:00,여유,5000,5500
71,POI006,종로·청계 관광특구,2024-04-16 06:00,여유,5500,6000
72,POI007,홍대 관광특구,2024-04-15 19:00,보통,62000,64000
73,POI007,홍대 관광특구,2024-04-15 20:00,보통,60000,62000
74,POI007,홍대 관광특구,2024-04-15 21:00,보통,54000,56000
75,POI007,홍대 관광특구,2024-04-15 22:00,보통,48000,50000
76,POI007,홍대 관광특구,2024-04-15 23:00,여유,38000,40000
77,POI007,홍대 관광특구,2024-04-16 00:00,여유,30000,32000
78,POI007,홍대 관광특구,2024-04-16 01:00,여유,24000,26000
79,POI007,홍대 관광특구,2024-04-16 02:00,여유,20000,22000
80,POI007,홍대 관광특구,2024-04-16 03:00,여유,18000,20000
81,POI007,홍대 관광특구,2024-04-16 04:00,여유,18000,20000
82,POI007,홍대 관광특구,2024-04-16 05:00,여유,16000,18000
83,POI007,홍대 관광특구,2024-04-16 06:00,여유,16000,18000
84,POI008,경복궁,2024-04-15 19:00,여유,1000,1500
85,POI008,경복궁,2024-04-15 20:00,여유,1000,1500
86,POI008,경복궁,2024-04-15 21:00,여유,700,800
87,POI008,경복궁,2024-04-15 22:00,여유,600,700
88,POI008,경복궁,2024-04-15 23:00,여유,500,600
89,POI008,경복궁,2024-04-16 00:00,여유,400,500
90,POI008,경복궁,2024-04-16 01:00,여유,400,500
91,POI008,경복궁,2024-04-16 02:00,여유,400,500
92,POI008,경복궁,2024-04-16 03:00,여유,300,400
93,POI008,경복궁,2024-04-16 04:00,여유,300,400
94,POI008,경복궁,2024-04-16 05:00,여유,300,400
95,POI008,경복궁,2024-04-16 06:00,여유,300,400
96,POI009,광화문·덕수궁,2024-04-15 19:00,약간 붐빔,26000,28000
97,POI009,광화문·덕수궁,2024-04-15 20:00,보통,16000,18000
98,POI009,광화문·덕수궁,2024-04-15 21:00,여유,12000,14000
99,POI009,광화문·덕수궁,2024-04-15 22:00,여유,10000,12000
100,POI009,광화문·덕수궁,2024-04-15 23:00,여유,7000,7500
101,POI009,광화문·덕수궁,2024-04-16 00:00,여유,4500,5000
102,POI009,광화문·덕수궁,2024-04-16 01:00,여유,3500,4000
103,POI009,광화문·덕수궁,2024-04-16 02:00,여유,3000,3500
104,POI009,광화문·덕수궁,2024-04-16 03:00,여유,2500,3000
105,POI009,광화문·덕수궁,2024-04-16 04:00,여유,2500,3000
106,POI009,광화문·덕수궁,2024-04-16 05:00,여유,2500,3000
107,POI009,광화문·덕수궁,2024-04-16 06:00,여유,3000,3500
108,POI010,보신각,2024-04-15 19:00,약간 붐빔,10000,12000
109,POI010,보신각,2024-04-15 20:00,약간 붐빔,9500,10000
110,POI010,보신각,2024-04-15 21:00,보통,7500,8000
111,POI010,보신각,2024-04-15 22:00,여유,5500,6000
112,POI010,보신각,2024-04-15 23:00,여유,4000,4500
113,POI010,보신각,2024-04-16 00:00,여유,2500,3000
114,POI010,보신각,2024-04-16 01:00,여유,1500,2000
115,POI010,보신각,2024-04-16 02:00,여유,1000,1500
116,POI010,보신각,2024-04-16 03:00,여유,1000,1500
117,POI010,보신각,2024-04-16 04:00,여유,1000,1500
118,POI010,보신각,2024-04-16 05:00,여유,900,1000
119,POI010,보신각,2024-04-16 06:00,여유,1000,1500
120,POI011,서울 암사동 유적,2024-04-15 19:00,보통,300,400
121,POI011,서울 암사동 유적,2024-04-15 20:00,여유,300,400
122,POI011,서울 암사동 유적,2024-04-15 21:00,여유,300,400
123,POI011,서울 암사동 유적,2024-04-15 22:00,여유,300,400
124,POI011,서울 암사동 유적,2024-04-15 23:00,여유,200,300
125,POI011,서울 암사동 유적,2024-04-16 00:00,여유,200,300
126,POI011,서울 암사동 유적,2024-04-16 01:00,여유,200,300
127,POI011,서울 암사동 유적,2024-04-16 02:00,여유,200,300
128,POI011,서울 암사동 유적,2024-04-16 03:00,여유,200,300
129,POI011,서울 암사동 유적,2024-04-16 04:00,여유,200,300
130,POI011,서울 암사동 유적,2024-04-16 05:00,여유,200,300
131,POI011,서울 암사동 유적,2024-04-16 06:00,여유,100,200
132,POI012,창덕궁·종묘,2024-04-15 19:00,약간 붐빔,12000,14000
133,POI012,창덕궁·종묘,2024-04-15 20:00,여유,8500,9000
134,POI012,창덕궁·종묘,2024-04-15 21:00,여유,7000,7500
135,POI012,창덕궁·종묘,2024-04-15 22:00,여유,6000,6500
136,POI012,창덕궁·종묘,2024-04-15 23:00,여유,5000,5500
137,POI012,창덕궁·종묘,2024-04-16 00:00,여유,4500,5000
138,POI012,창덕궁·종묘,2024-04-16 01:00,여유,4000,4500
139,POI012,창덕궁·종묘,2024-04-16 02:00,여유,3500,4000
140,POI012,창덕궁·종묘,2024-04-16 03:00,여유,3500,4000
141,POI012,창덕궁·종묘,2024-04-16 04:00,여유,3500,4000
142,POI012,창덕궁·종묘,2024-04-16 05:00,여유,3500,4000
143,POI012,창덕궁·종묘,2024-04-16 06:00,여유,3500,4000
144,POI013,가산디지털단지역,2024-04-15 19:00,붐빔,40000,42000
145,POI013,가산디지털단지역,2024-04-15 20:00,보통,26000,28000
146,POI013,가산디지털단지역,2024-04-15 21:00,여유,18000,20000
147,POI013,가산디지털단지역,2024-04-15 22:00,여유,14000,16000
148,POI013,가산디지털단지역,2024-04-15 23:00,여유,10000,12000
149,POI013,가산디지털단지역,2024-04-16 00:00,여유,8000,8500
150,POI013,가산디지털단지역,2024-04-16 01:00,여유,6000,6500
151,POI013,가산디지털단지역,2024-04-16 02:00,여유,5000,5500
152,POI013,가산디지털단지역,2024-04-16 03:00,여유,4500,5000
153,POI013,가산디지털단지역,2024-04-16 04:00,여유,4500,5000
154,POI013,가산디지털단지역,2024-04-16 05:00,여유,5000,5500
155,POI013,가산디지털단지역,2024-04-16 06:00,여유,5500,6000
156,POI014,강남역,2024-04-15 19:00,붐빔,76000,78000
157,POI014,강남역,2024-04-15 20:00,약간 붐빔,66000,68000
158,POI014,강남역,2024-04-15 21:00,보통,54000,56000
159,POI014,강남역,2024-04-15 22:00,보통,46000,48000
160,POI014,강남역,2024-04-15 23:00,여유,34000,36000
161,POI014,강남역,2024-04-16 00:00,여유,22000,24000
162,POI014,강남역,2024-04-16 01:00,여유,16000,18000
163,POI014,강남역,2024-04-16 02:00,여유,14000,16000
164,POI014,강남역,2024-04-16 03:00,여유,14000,16000
165,POI014,강남역,2024-04-16 04:00,여유,12000,14000
166,POI014,강남역,2024-04-16 05:00,여유,10000,12000
167,POI014,강남역,2024-04-16 06:00,여유,10000,12000
168,POI015,건대입구역,2024-04-15 19:00,보통,28000,30000
169,POI015,건대입구역,2024-04-15 20:00,약간 붐빔,30000,32000
170,POI015,건대입구역,2024-04-15 21:00,보통,28000,30000
171,POI015,건대입구역,2024-04-15 22:00,보통,26000,28000
172,POI015,건대입구역,2024-04-15 23:00,여유,24000,26000
173,POI015,건대입구역,2024-04-16 00:00,여유,22000,24000
174,POI015,건대입구역,2024-04-16 01:00,여유,22000,24000
175,POI015,건대입구역,2024-04-16 02:00,여유,20000,22000
176,POI015,건대입구역,2024-04-16 03:00,여유,20000,22000
177,POI015,건대입구역,2024-04-16 04:00,여유,20000,22000
178,POI015,건대입구역,2024-04-16 05:00,여유,18000,20000
179,POI015,건대입구역,2024-04-16 06:00,여유,18000,20000
180,POI016,고덕역,2024-04-15 19:00,약간 붐빔,8000,8500
181,POI016,고덕역,2024-04-15 20:00,보통,7000,7500
182,POI016,고덕역,2024-04-15 21:00,보통,7000,7500
183,POI016,고덕역,2024-04-15 22:00,보통,7000,7500
184,POI016,고덕역,2024-04-15 23:00,보통,7000,7500
185,POI016,고덕역,2024-04-16 00:00,여유,6000,6500
186,POI016,고덕역,2024-04-16 01:00,여유,6000,6500
187,POI016,고덕역,2024-04-16 02:00,보통,6500,7000
188,POI016,고덕역,2024-04-16 03:00,여유,6500,7000
189,POI016,고덕역,2024-04-16 04:00,여유,6500,7000
190,POI016,고덕역,2024-04-16 05:00,여유,6500,7000
191,POI016,고덕역,2024-04-16 06:00,여유,6500,7000
192,POI017,고속터미널역,2024-04-15 19:00,약간 붐빔,20000,22000
193,POI017,고속터미널역,2024-04-15 20:00,보통,16000,18000
194,POI017,고속터미널역,2024-04-15 21:00,여유,10000,12000
195,POI017,고속터미널역,2024-04-15 22:00,여유,7500,8000
196,POI017,고속터미널역,2024-04-15 23:00,여유,5000,5500
197,POI017,고속터미널역,2024-04-16 00:00,여유,3000,3500
198,POI017,고속터미널역,2024-04-16 01:00,여유,2000,2500
199,POI017,고속터미널역,2024-04-16 02:00,여유,1500,2000
200,POI017,고속터미널역,2024-04-16 03:00,여유,1500,2000
201,POI017,고속터미널역,2024-04-16 04:00,여유,1000,1500
202,POI017,고속터미널역,2024-04-16 05:00,여유,1000,1500
203,POI017,고속터미널역,2024-04-16 06:00,여유,1500,2000
204,POI018,교대역,2024-04-15 19:00,붐빔,20000,22000
205,POI018,교대역,2024-04-15 20:00,약간 붐빔,14000,16000
206,POI018,교대역,2024-04-15 21:00,보통,12000,14000
207,POI018,교대역,2024-04-15 22:00,여유,9500,10000
208,POI018,교대역,2024-04-15 23:00,여유,7000,7500
209,POI018,교대역,2024-04-16 00:00,여유,4500,5000
210,POI018,교대역,2024-04-16 01:00,여유,3000,3500
211,POI018,교대역,2024-04-16 02:00,여유,2500,3000
212,POI018,교대역,2024-04-16 03:00,여유,2000,2500
213,POI018,교대역,2024-04-16 04:00,여유,2000,2500
214,POI018,교대역,2024-04-16 05:00,여유,2000,2500
215,POI018,교대역,2024-04-16 06:00,여유,2500,3000
216,POI019,구로디지털단지역,2024-04-15 19:00,붐빔,30000,32000
217,POI019,구로디지털단지역,2024-04-15 20:00,보통,20000,22000
218,POI019,구로디지털단지역,2024-04-15 21:00,여유,14000,16000
219,POI019,구로디지털단지역,2024-04-15 22:00,여유,12000,14000
220,POI019,구로디지털단지역,2024-04-15 23:00,여유,9000,9500
221,POI019,구로디지털단지역,2024-04-16 00:00,여유,7500,8000
222,POI019,구로디지털단지역,2024-04-16 01:00,여유,6000,6500
223,POI019,구로디지털단지역,2024-04-16 02:00,여유,5500,6000
224,POI019,구로디지털단지역,2024-04-16 03:00,여유,5000,5500
225,POI019,구로디지털단지역,2024-04-16 04:00,여유,5000,5500
226,POI019,구로디지털단지역,2024-04-16 05:00,여유,5000,5500
227,POI019,구로디지털단지역,2024-04-16 06:00,여유,5000,5500
228,POI020,구로역,2024-04-15 19:00,붐빔,6000,6500
229,POI020,구로역,2024-04-15 20:00,약간 붐빔,5500,6000
230,POI020,구로역,2024-04-15 21:00,보통,5000,5500
231,POI020,구로역,2024-04-15 22:00,보통,4500,5000
232,POI020,구로역,2024-04-15 23:00,여유,4000,4500
233,POI020,구로역,2024-04-16 00:00,여유,3500,4000
234,POI020,구로역,2024-04-16 01:00,여유,3000,3500
235,POI020,구로역,2024-04-16 02:00,여유,2500,3000
236,POI020,구로역,2024-04-16 03:00,여유,2500,3000
237,POI020,구로역,2024-04-16 04:00,여유,2500,3000
238,POI020,구로역,2024-04-16 05:00,여유,2500,3000
239,POI020,구로역,2024-04-16 06:00,여유,3000,3500
240,POI021,군자역,2024-04-15 19:00,약간 붐빔,10000,12000
241,POI021,군자역,2024-04-15 20:00,약간 붐빔,10000,12000
242,POI021,군자역,2024-04-15 21:00,보통,9500,10000
243,POI021,군자역,2024-04-15 22:00,보통,9000,9500
244,POI021,군자역,2024-04-15 23:00,여유,8000,8500
245,POI021,군자역,2024-04-16 00:00,여유,7000,7500
246,POI021,군자역,2024-04-16 01:00,여유,6000,6500
247,POI021,군자역,2024-04-16 02:00,여유,5500,6000
248,POI021,군자역,2024-04-16 03:00,여유,5000,5500
249,POI021,군자역,2024-04-16 04:00,여유,5000,5500
250,POI021,군자역,2024-04-16 05:00,여유,5000,5500
251,POI021,군자역,2024-04-16 06:00,여유,5000,5500
252,POI022,남구로역,2024-04-15 19:00,붐빔,4000,4500
253,POI022,남구로역,2024-04-15 20:00,붐빔,3500,4000
254,POI022,남구로역,2024-04-15 21:00,붐빔,3500,4000
255,POI022,남구로역,2024-04-15 22:00,붐빔,3500,4000
256,POI022,남구로역,2024-04-15 23:00,붐빔,3500,4000
257,POI022,남구로역,2024-04-16 00:00,붐빔,3500,4000
258,POI022,남구로역,2024-04-16 01:00,붐빔,3500,4000
259,POI022,남구로역,2024-04-16 02:00,붐빔,3500,4000
260,POI022,남구로역,2024-04-16 03:00,붐빔,3500,4000
261,POI022,남구로역,2024-04-16 04:00,붐빔,3500,4000
262,POI022,남구로역,2024-04-16 05:00,붐빔,3500,4000
263,POI022,남구로역,2024-04-16 06:00,붐빔,3500,4000
264,POI023,대림역,2024-04-15 19:00,여유,14000,16000
265,POI023,대림역,2024-04-15 20:00,보통,14000,16000
266,POI023,대림역,2024-04-15 21:00,보통,14000,16000
267,POI023,대림역,2024-04-15 22:00,보통,14000,16000
268,POI023,대림역,2024-04-15 23:00,보통,14000,16000
269,POI023,대림역,2024-04-16 00:00,보통,14000,16000
270,POI023,대림역,2024-04-16 01:00,보통,14000,16000
271,POI023,대림역,2024-04-16 02:00,보통,14000,16000
272,POI023,대림역,2024-04-16 03:00,보통,14000,16000
273,POI023,대림역,2024-04-16 04:00,보통,14000,16000
274,POI023,대림역,2024-04-16 05:00,보통,14000,16000
275,POI023,대림역,2024-04-16 06:00,보통,14000,16000
276,POI024,동대문역,2024-04-15 19:00,약간 붐빔,5500,6000
277,POI024,동대문역,2024-04-15 20:00,보통,4000,4500
278,POI024,동대문역,2024-04-15 21:00,여유,3500,4000
279,POI024,동대문역,2024-04-15 22:00,여유,3000,3500
280,POI024,동대문역,2024-04-15 23:00,여유,2500,3000
281,POI024,동대문역,2024-04-16 00:00,여유,2000,2500
282,POI024,동대문역,2024-04-16 01:00,여유,1500,2000
283,POI024,동대문역,2024-04-16 02:00,여유,1000,1500
284,POI024,동대문역,2024-04-16 03:00,여유,1000,1500
285,POI024,동대문역,2024-04-16 04:00,여유,1000,1500
286,POI024,동대문역,2024-04-16 05:00,여유,1000,1500
287,POI024,동대문역,2024-04-16 06:00,여유,1500,2000
288,POI025,뚝섬역,2024-04-15 19:00,약간 붐빔,14000,16000
289,POI025,뚝섬역,2024-04-15 20:00,보통,12000,14000
290,POI025,뚝섬역,2024-04-15 21:00,여유,10000,12000
291,POI025,뚝섬역,2024-04-15 22:00,여유,10000,12000
292,POI025,뚝섬역,2024-04-15 23:00,여유,9500,10000
293,POI025,뚝섬역,2024-04-16 00:00,여유,9500,10000
294,POI025,뚝섬역,2024-04-16 01:00,여유,9000,9500
295,POI025,뚝섬역,2024-04-16 02:00,여유,9000,9500
296,POI025,뚝섬역,2024-04-16 03:00,여유,9000,9500
297,POI025,뚝섬역,2024-04-16 04:00,여유,9000,9500
298,POI025,뚝섬역,2024-04-16 05:00,여유,9000,9500
299,POI025,뚝섬역,2024-04-16 06:00,여유,9500,10000
300,POI026,미아사거리역,2024-04-15 19:00,약간 붐빔,10000,12000
301,POI026,미아사거리역,2024-04-15 20:00,약간 붐빔,10000,12000
302,POI026,미아사거리역,2024-04-15 21:00,보통,8500,9000
303,POI026,미아사거리역,2024-04-15 22:00,여유,8000,8500
304,POI026,미아사거리역,2024-04-15 23:00,여유,7000,7500
305,POI026,미아사거리역,2024-04-16 00:00,여유,6000,6500
306,POI026,미아사거리역,2024-04-16 01:00,여유,5000,5500
307,POI026,미아사거리역,2024-04-16 02:00,여유,4500,5000
308,POI026,미아사거리역,2024-04-16 03:00,여유,4000,4500
309,POI026,미아사거리역,2024-04-16 04:00,여유,4000,4500
310,POI026,미아사거리역,2024-04-16 05:00,여유,4000,4500
311,POI026,미아사거리역,2024-04-16 06:00,여유,4500,5000
312,POI027,발산역,2024-04-15 19:00,약간 붐빔,14000,16000
313,POI027,발산역,2024-04-15 20:00,약간 붐빔,14000,16000
314,POI027,발산역,2024-04-15 21:00,약간 붐빔,12000,14000
315,POI027,발산역,2024-04-15 22:00,보통,12000,14000
316,POI027,발산역,2024-04-15 23:00,보통,10000,12000
317,POI027,발산역,2024-04-16 00:00,여유,9000,9500
318,POI027,발산역,2024-04-16 01:00,여유,8000,8500
319,POI027,발산역,2024-04-16 02:00,여유,7500,8000
320,POI027,발산역,2024-04-16 03:00,여유,7000,7500
321,POI027,발산역,2024-04-16 04:00,여유,7000,7500
322,POI027,발산역,2024-04-16 05:00,여유,6500,7000
323,POI027,발산역,2024-04-16 06:00,여유,6500,7000
324,POI028,북한산우이역,2024-04-15 19:00,여유,700,800
325,POI028,북한산우이역,2024-04-15 20:00,여유,700,800
326,POI028,북한산우이역,2024-04-15 21:00,여유,700,800
327,POI028,북한산우이역,2024-04-15 22:00,여유,700,800
328,POI028,북한산우이역,2024-04-15 23:00,여유,700,800
329,POI028,북한산우이역,2024-04-16 00:00,여유,700,800
330,POI028,북한산우이역,2024-04-16 01:00,여유,700,800
331,POI028,북한산우이역,2024-04-16 02:00,여유,700,800
332,POI028,북한산우이역,2024-04-16 03:00,여유,700,800
333,POI028,북한산우이역,2024-04-16 04:00,여유,700,800
334,POI028,북한산우이역,2024-04-16 05:00,여유,700,800
335,POI028,북한산우이역,2024-04-16 06:00,여유,700,800
336,POI029,사당역,2024-04-15 19:00,약간 붐빔,26000,28000
337,POI029,사당역,2024-04-15 20:00,약간 붐빔,28000,30000
338,POI029,사당역,2024-04-15 21:00,보통,24000,26000
339,POI029,사당역,2024-04-15 22:00,보통,24000,26000
340,POI029,사당역,2024-04-15 23:00,여유,22000,24000
341,POI029,사당역,2024-04-16 00:00,여유,20000,22000
342,POI029,사당역,2024-04-16 01:00,여유,16000,18000
343,POI029,사당역,2024-04-16 02:00,여유,16000,18000
344,POI029,사당역,2024-04-16 03:00,여유,16000,18000
345,POI029,사당역,2024-04-16 04:00,여유,16000,18000
346,POI029,사당역,2024-04-16 05:00,여유,16000,18000
347,POI029,사당역,2024-04-16 06:00,여유,16000,18000
348,POI030,삼각지역,2024-04-15 19:00,보통,2000,2500
349,POI030,삼각지역,2024-04-15 20:00,보통,2000,2500
350,POI030,삼각지역,2024-04-15 21:00,여유,2000,2500
351,POI030,삼각지역,2024-04-15 22:00,여유,2000,2500
352,POI030,삼각지역,2024-04-15 23:00,여유,1500,2000
353,POI030,삼각지역,2024-04-16 00:00,여유,1500,2000
354,POI030,삼각지역,2024-04-16 01:00,여유,1500,2000
355,POI030,삼각지역,2024-04-16 02:00,여유,1500,2000
356,POI030,삼각지역,2024-04-16 03:00,여유,1000,1500
357,POI030,삼각지역,2024-04-16 04:00,여유,1000,1500
358,POI030,삼각지역,2024-04-16 05:00,여유,1500,2000
359,POI030,삼각지역,2024-04-16 06:00,여유,1500,2000
360,POI031,서울대입구역,2024-04-15 19:00,약간 붐빔,20000,22000
361,POI031,서울대입구역,2024-04-15 20:00,약간 붐빔,20000,22000
362,POI031,서울대입구역,2024-04-15 21:00,약간 붐빔,20000,22000
363,POI031,서울대입구역,2024-04-15 22:00,약간 붐빔,20000,22000
364,POI031,서울대입구역,2024-04-15 23:00,보통,18000,20000
365,POI031,서울대입구역,2024-04-16 00:00,보통,18000,20000
366,POI031,서울대입구역,2024-04-16 01:00,여유,16000,18000
367,POI031,서울대입구역,2024-04-16 02:00,여유,16000,18000
368,POI031,서울대입구역,2024-04-16 03:00,여유,16000,18000
369,POI031,서울대입구역,2024-04-16 04:00,여유,16000,18000
370,POI031,서울대입구역,2024-04-16 05:00,여유,16000,18000
371,POI031,서울대입구역,2024-04-16 06:00,여유,16000,18000
372,POI032,서울식물원·마곡나루역,2024-04-15 19:00,약간 붐빔,8000,8500
373,POI032,서울식물원·마곡나루역,2024-04-15 20:00,보통,7000,7500
374,POI032,서울식물원·마곡나루역,2024-04-15 21:00,여유,6000,6500
375,POI032,서울식물원·마곡나루역,2024-04-15 22:00,여유,5500,6000
376,POI032,서울식물원·마곡나루역,2024-04-15 23:00,여유,5000,5500
377,POI032,서울식물원·마곡나루역,2024-04-16 00:00,여유,4500,5000
378,POI032,서울식물원·마곡나루역,2024-04-16 01:00,여유,4000,4500
379,POI032,서울식물원·마곡나루역,2024-04-16 02:00,여유,4000,4500
380,POI032,서울식물원·마곡나루역,2024-04-16 03:00,여유,4000,4500
381,POI032,서울식물원·마곡나루역,2024-04-16 04:00,여유,4000,4500
382,POI032,서울식물원·마곡나루역,2024-04-16 05:00,여유,4000,4500
383,POI032,서울식물원·마곡나루역,2024-04-16 06:00,여유,4000,4500
384,POI033,서울역,2024-04-15 19:00,약간 붐빔,18000,20000
385,POI033,서울역,2024-04-15 20:00,여유,10000,12000
386,POI033,서울역,2024-04-15 21:00,여유,7000,7500
387,POI033,서울역,2024-04-15 22:00,여유,5000,5500
388,POI033,서울역,2024-04-15 23:00,여유,3000,3500
389,POI033,서울역,2024-04-16 00:00,여유,2000,2500
390,POI033,서울역,2024-04-16 01:00,여유,1500,2000
391,POI033,서울역,2024-04-16 02:00,여유,1000,1500
392,POI033,서울역,2024-04-16 03:00,여유,1000,1500
393,POI033,서울역,2024-04-16 04:00,여유,1000,1500
394,POI033,서울역,2024-04-16 05:00,여유,1000,1500
395,POI033,서울역,2024-04-16 06:00,여유,1000,1500
396,POI034,선릉역,2024-04-15 19:00,붐빔,52000,54000
397,POI034,선릉역,2024-04-15 20:00,약간 붐빔,42000,44000
398,POI034,선릉역,2024-04-15 21:00,보통,32000,34000
399,POI034,선릉역,2024-04-15 22:00,여유,26000,28000
400,POI034,선릉역,2024-04-15 23:00,여유,22000,24000
401,POI034,선릉역,2024-04-16 00:00,여유,18000,20000
402,POI034,선릉역,2024-04-16 01:00,여유,16000,18000
403,POI034,선릉역,2024-04-16 02:00,여유,14000,16000
404,POI034,선릉역,2024-04-16 03:00,여유,12000,14000
405,POI034,선릉역,2024-04-16 04:00,여유,12000,14000
406,POI034,선릉역,2024-04-16 05:00,여유,12000,14000
407,POI034,선릉역,2024-04-16 06:00,여유,12000,14000
408,POI035,성신여대입구역,2024-04-15 19:00,약간 붐빔,7000,7500
409,POI035,성신여대입구역,2024-04-15 20:00,약간 붐빔,7000,7500
410,POI035,성신여대입구역,2024-04-15 21:00,약간 붐빔,6500,7000
411,POI035,성신여대입구역,2024-04-15 22:00,보통,5500,6000
412,POI035,성신여대입구역,2024-04-15 23:00,여유,4500,5000
413,POI035,성신여대입구역,2024-04-16 00:00,여유,3500,4000
414,POI035,성신여대입구역,2024-04-16 01:00,여유,2500,3000
415,POI035,성신여대입구역,2024-04-16 02:00,여유,2000,2500
416,POI035,성신여대입구역,2024-04-16 03:00,여유,2000,2500
417,POI035,성신여대입구역,2024-04-16 04:00,여유,1500,2000
418,POI035,성신여대입구역,2024-04-16 05:00,여유,1500,2000
419,POI035,성신여대입구역,2024-04-16 06:00,여유,2000,2500
420,POI036,수유역,2024-04-15 19:00,약간 붐빔,12000,14000
421,POI036,수유역,2024-04-15 20:00,약간 붐빔,12000,14000
422,POI036,수유역,2024-04-15 21:00,약간 붐빔,12000,14000
423,POI036,수유역,2024-04-15 22:00,약간 붐빔,10000,12000
424,POI036,수유역,2024-04-15 23:00,보통,10000,12000
425,POI036,수유역,2024-04-16 00:00,여유,9500,10000
426,POI036,수유역,2024-04-16 01:00,여유,8500,9000
427,POI036,수유역,2024-04-16 02:00,여유,8000,8500
428,POI036,수유역,2024-04-16 03:00,여유,7500,8000
429,POI036,수유역,2024-04-16 04:00,여유,7000,7500
430,POI036,수유역,2024-04-16 05:00,여유,7000,7500
431,POI036,수유역,2024-04-16 06:00,여유,7000,7500
432,POI037,신논현역·논현역,2024-04-15 19:00,붐빔,12000,14000
433,POI037,신논현역·논현역,2024-04-15 20:00,약간 붐빔,12000,14000
434,POI037,신논현역·논현역,2024-04-15 21:00,보통,10000,12000
435,POI037,신논현역·논현역,2024-04-15 22:00,보통,8500,9000
436,POI037,신논현역·논현역,2024-04-15 23:00,여유,7000,7500
437,POI037,신논현역·논현역,2024-04-16 00:00,여유,5500,6000
438,POI037,신논현역·논현역,2024-04-16 01:00,여유,4500,5000
439,POI037,신논현역·논현역,2024-04-16 02:00,여유,3500,4000
440,POI037,신논현역·논현역,2024-04-16 03:00,여유,3500,4000
441,POI037,신논현역·논현역,2024-04-16 04:00,여유,3000,3500
442,POI037,신논현역·논현역,2024-04-16 05:00,여유,2500,3000
443,POI037,신논현역·논현역,2024-04-16 06:00,여유,3000,3500
444,POI038,신도림역,2024-04-15 19:00,보통,9000,9500
445,POI038,신도림역,2024-04-15 20:00,여유,6500,7000
446,POI038,신도림역,2024-04-15 21:00,여유,5500,6000
447,POI038,신도림역,2024-04-15 22:00,여유,4500,5000
448,POI038,신도림역,2024-04-15 23:00,여유,4000,4500
449,POI038,신도림역,2024-04-16 00:00,여유,3500,4000
450,POI038,신도림역,2024-04-16 01:00,여유,3500,4000
451,POI038,신도림역,2024-04-16 02:00,여유,3500,4000
452,POI038,신도림역,2024-04-16 03:00,여유,3500,4000
453,POI038,신도림역,2024-04-16 04:00,여유,3500,4000
454,POI038,신도림역,2024-04-16 05:00,여유,4000,4500
455,POI038,신도림역,2024-04-16 06:00,여유,5000,5500
456,POI039,신림역,2024-04-15 19:00,약간 붐빔,12000,14000
457,POI039,신림역,2024-04-15 20:00,붐빔,14000,16000
458,POI039,신림역,2024-04-15 21:00,붐빔,14000,16000
459,POI039,신림역,2024-04-15 22:00,약간 붐빔,12000,14000
460,POI039,신림역,2024-04-15 23:00,보통,10000,12000
461,POI039,신림역,2024-04-16 00:00,보통,10000,12000
462,POI039,신림역,2024-04-16 01:00,여유,9000,9500
463,POI039,신림역,2024-04-16 02:00,여유,8000,8500
464,POI039,신림역,2024-04-16 03:00,여유,7500,8000
465,POI039,신림역,2024-04-16 04:00,여유,7000,7500
466,POI039,신림역,2024-04-16 05:00,여유,6500,7000
467,POI039,신림역,2024-04-16 06:00,여유,6500,7000
468,POI040,신촌·이대역,2024-04-15 19:00,약간 붐빔,28000,30000
469,POI040,신촌·이대역,2024-04-15 20:00,약간 붐빔,28000,30000
470,POI040,신촌·이대역,2024-04-15 21:00,약간 붐빔,26000,28000
471,POI040,신촌·이대역,2024-04-15 22:00,보통,22000,24000
472,POI040,신촌·이대역,2024-04-15 23:00,여유,18000,20000
473,POI040,신촌·이대역,2024-04-16 00:00,여유,16000,18000
474,POI040,신촌·이대역,2024-04-16 01:00,여유,12000,14000
475,POI040,신촌·이대역,2024-04-16 02:00,여유,12000,14000
476,POI040,신촌·이대역,2024-04-16 03:00,여유,10000,12000
477,POI040,신촌·이대역,2024-04-16 04:00,여유,10000,12000
478,POI040,신촌·이대역,2024-04-16 05:00,여유,9500,10000
479,POI040,신촌·이대역,2024-04-16 06:00,여유,10000,12000
480,POI041,양재역,2024-04-15 19:00,붐빔,14000,16000
481,POI041,양재역,2024-04-15 20:00,약간 붐빔,12000,14000
482,POI041,양재역,2024-04-15 21:00,보통,9500,10000
483,POI041,양재역,2024-04-15 22:00,여유,8000,8500
484,POI041,양재역,2024-04-15 23:00,여유,6500,7000
485,POI041,양재역,2024-04-16 00:00,여유,5000,5500
486,POI041,양재역,2024-04-16 01:00,여유,4000,4500
487,POI041,양재역,2024-04-16 02:00,여유,3500,4000
488,POI041,양재역,2024-04-16 03:00,여유,3000,3500
489,POI041,양재역,2024-04-16 04:00,여유,3000,3500
490,POI041,양재역,2024-04-16 05:00,여유,3000,3500
491,POI041,양재역,2024-04-16 06:00,여유,3500,4000
492,POI042,역삼역,2024-04-15 19:00,붐빔,32000,34000
493,POI042,역삼역,2024-04-15 20:00,보통,24000,26000
494,POI042,역삼역,2024-04-15 21:00,보통,18000,20000
495,POI042,역삼역,2024-04-15 22:00,여유,16000,18000
496,POI042,역삼역,2024-04-15 23:00,여유,12000,14000
497,POI042,역삼역,2024-04-16 00:00,여유,10000,12000
498,POI042,역삼역,2024-04-16 01:00,여유,9500,10000
499,POI042,역삼역,2024-04-16 02:00,여유,8000,8500
500,POI042,역삼역,2024-04-16 03:00,여유,7500,8000
501,POI042,역삼역,2024-04-16 04:00,여유,7000,7500
502,POI042,역삼역,2024-04-16 05:00,여유,7000,7500
503,POI042,역삼역,2024-04-16 06:00,여유,6000,6500
504,POI043,연신내역,2024-04-15 19:00,약간 붐빔,8500,9000
505,POI043,연신내역,2024-04-15 20:00,약간 붐빔,8500,9000
506,POI043,연신내역,2024-04-15 21:00,보통,7000,7500
507,POI043,연신내역,2024-04-15 22:00,보통,6500,7000
508,POI043,연신내역,2024-04-15 23:00,여유,5500,6000
509,POI043,연신내역,2024-04-16 00:00,여유,4500,5000
510,POI043,연신내역,2024-04-16 01:00,여유,4000,4500
511,POI043,연신내역,2024-04-16 02:00,여유,3500,4000
512,POI043,연신내역,2024-04-16 03:00,여유,3000,3500
513,POI043,연신내역,2024-04-16 04:00,여유,3000,3500
514,POI043,연신내역,2024-04-16 05:00,여유,3000,3500
515,POI043,연신내역,2024-04-16 06:00,여유,3500,4000
516,POI044,오목교역·목동운동장,2024-04-15 19:00,붐빔,52000,54000
517,POI044,오목교역·목동운동장,2024-04-15 20:00,보통,46000,48000
518,POI044,오목교역·목동운동장,2024-04-15 21:00,보통,44000,46000
519,POI044,오목교역·목동운동장,2024-04-15 22:00,보통,42000,44000
520,POI044,오목교역·목동운동장,2024-04-15 23:00,여유,40000,42000
521,POI044,오목교역·목동운동장,2024-04-16 00:00,여유,38000,40000
522,POI044,오목교역·목동운동장,2024-04-16 01:00,여유,36000,38000
523,POI044,오목교역·목동운동장,2024-04-16 02:00,여유,34000,36000
524,POI044,오목교역·목동운동장,2024-04-16 03:00,여유,34000,36000
525,POI044,오목교역·목동운동장,2024-04-16 04:00,여유,34000,36000
526,POI044,오목교역·목동운동장,2024-04-16 05:00,여유,34000,36000
527,POI044,오목교역·목동운동장,2024-04-16 06:00,여유,34000,36000
528,POI045,왕십리역,2024-04-15 19:00,보통,18000,20000
529,POI045,왕십리역,2024-04-15 20:00,보통,20000,22000
530,POI045,왕십리역,2024-04-15 21:00,보통,18000,20000
531,POI045,왕십리역,2024-04-15 22:00,보통,18000,20000
532,POI045,왕십리역,2024-04-15 23:00,여유,16000,18000
533,POI045,왕십리역,2024-04-16 00:00,여유,14000,16000
534,POI045,왕십리역,2024-04-16 01:00,여유,14000,16000
535,POI045,왕십리역,2024-04-16 02:00,여유,12000,14000
536,POI045,왕십리역,2024-04-16 03:00,여유,12000,14000
537,POI045,왕십리역,2024-04-16 04:00,여유,12000,14000
538,POI045,왕십리역,2024-04-16 05:00,여유,12000,14000
539,POI045,왕십리역,2024-04-16 06:00,여유,14000,16000
540,POI046,용산역,2024-04-15 19:00,약간 붐빔,16000,18000
541,POI046,용산역,2024-04-15 20:00,보통,14000,16000
542,POI046,용산역,2024-04-15 21:00,보통,10000,12000
543,POI046,용산역,2024-04-15 22:00,여유,8000,8500
544,POI046,용산역,2024-04-15 23:00,여유,6000,6500
545,POI046,용산역,2024-04-16 00:00,여유,4500,5000
546,POI046,용산역,2024-04-16 01:00,여유,3500,4000
547,POI046,용산역,2024-04-16 02:00,여유,3500,4000
548,POI046,용산역,2024-04-16 03:00,여유,3000,3500
549,POI046,용산역,2024-04-16 04:00,여유,3000,3500
550,POI046,용산역,2024-04-16 05:00,여유,3500,4000
551,POI046,용산역,2024-04-16 06:00,여유,4000,4500
552,POI047,이태원역,2024-04-15 19:00,보통,3000,3500
553,POI047,이태원역,2024-04-15 20:00,보통,3500,4000
554,POI047,이태원역,2024-04-15 21:00,보통,3000,3500
555,POI047,이태원역,2024-04-15 22:00,보통,3000,3500
556,POI047,이태원역,2024-04-15 23:00,여유,2500,3000
557,POI047,이태원역,2024-04-16 00:00,여유,2000,2500
558,POI047,이태원역,2024-04-16 01:00,여유,2000,2500
559,POI047,이태원역,2024-04-16 02:00,여유,1500,2000
560,POI047,이태원역,2024-04-16 03:00,여유,1000,1500
561,POI047,이태원역,2024-04-16 04:00,여유,1000,1500
562,POI047,이태원역,2024-04-16 05:00,여유,1000,1500
563,POI047,이태원역,2024-04-16 06:00,여유,1000,1500
564,POI048,장지역,2024-04-15 19:00,보통,16000,18000
565,POI048,장지역,2024-04-15 20:00,보통,14000,16000
566,POI048,장지역,2024-04-15 21:00,여유,14000,16000
567,POI048,장지역,2024-04-15 22:00,여유,12000,14000
568,POI048,장지역,2024-04-15 23:00,여유,12000,14000
569,POI048,장지역,2024-04-16 00:00,여유,12000,14000
570,POI048,장지역,2024-04-16 01:00,여유,10000,12000
571,POI048,장지역,2024-04-16 02:00,여유,10000,12000
572,POI048,장지역,2024-04-16 03:00,여유,10000,12000
573,POI048,장지역,2024-04-16 04:00,여유,10000,12000
574,POI048,장지역,2024-04-16 05:00,여유,10000,12000
575,POI048,장지역,2024-04-16 06:00,여유,10000,12000
576,POI049,장한평역,2024-04-15 19:00,여유,10000,12000
577,POI049,장한평역,2024-04-15 20:00,여유,10000,12000
578,POI049,장한평역,2024-04-15 21:00,여유,9500,10000
579,POI049,장한평역,2024-04-15 22:00,여유,9000,9500
580,POI049,장한평역,2024-04-15 23:00,여유,8500,9000
581,POI049,장한평역,2024-04-16 00:00,여유,8500,9000
582,POI049,장한평역,2024-04-16 01:00,여유,8500,9000
583,POI049,장한평역,2024-04-16 02:00,여유,8500,9000
584,POI049,장한평역,2024-04-16 03:00,여유,8000,8500
585,POI049,장한평역,2024-04-16 04:00,여유,8000,8500
586,POI049,장한평역,2024-04-16 05:00,여유,8000,8500
587,POI049,장한평역,2024-04-16 06:00,여유,8000,8500
588,POI050,천호역,2024-04-15 19:00,붐빔,9000,9500
589,POI050,천호역,2024-04-15 20:00,약간 붐빔,8500,9000
590,POI050,천호역,2024-04-15 21:00,보통,6500,7000
591,POI050,천호역,2024-04-15 22:00,보통,5500,6000
592,POI050,천호역,2024-04-15 23:00,여유,4500,5000
593,POI050,천호역,2024-04-16 00:00,여유,3500,4000
594,POI050,천호역,2024-04-16 01:00,여유,2500,3000
595,POI050,천호역,2024-04-16 02:00,여유,2500,3000
596,POI050,천호역,2024-04-16 03:00,여유,2000,2500
597,POI050,천호역,2024-04-16 04:00,여유,2000,2500
598,POI050,천호역,2024-04-16 05:00,여유,2000,2500
599,POI050,천호역,2024-04-16 06:00,여유,2500,3000
600,POI051,총신대입구(이수)역,2024-04-15 19:00,붐빔,24000,26000
601,POI051,총신대입구(이수)역,2024-04-15 20:00,약간 붐빔,22000,24000
602,POI051,총신대입구(이수)역,2024-04-15 21:00,약간 붐빔,22000,24000
603,POI051,총신대입구(이수)역,2024-04-15 22:00,보통,20000,22000
604,POI051,총신대입구(이수)역,2024-04-15 23:00,여유,20000,22000
605,POI051,총신대입구(이수)역,2024-04-16 00:00,여유,18000,20000
606,POI051,총신대입구(이수)역,2024-04-16 01:00,여유,16000,18000
607,POI051,총신대입구(이수)역,2024-04-16 02:00,여유,16000,18000
608,POI051,총신대입구(이수)역,2024-04-16 03:00,여유,16000,18000
609,POI051,총신대입구(이수)역,2024-04-16 04:00,여유,16000,18000
610,POI051,총신대입구(이수)역,2024-04-16 05:00,여유,16000,18000
611,POI051,총신대입구(이수)역,2024-04-16 06:00,여유,16000,18000
612,POI052,충정로역,2024-04-15 19:00,보통,10000,12000
613,POI052,충정로역,2024-04-15 20:00,보통,9500,10000
614,POI052,충정로역,2024-04-15 21:00,여유,7500,8000
615,POI052,충정로역,2024-04-15 22:00,여유,6000,6500
616,POI052,충정로역,2024-04-15 23:00,여유,4500,5000
617,POI052,충정로역,2024-04-16 00:00,여유,4000,4500
618,POI052,충정로역,2024-04-16 01:00,여유,3000,3500
619,POI052,충정로역,2024-04-16 02:00,여유,3000,3500
620,POI052,충정로역,2024-04-16 03:00,여유,2500,3000
621,POI052,충정로역,2024-04-16 04:00,여유,3000,3500
622,POI052,충정로역,2024-04-16 05:00,여유,3000,3500
623,POI052,충정로역,2024-04-16 06:00,여유,3500,4000
624,POI053,합정역,2024-04-15 19:00,여유,14000,16000
625,POI053,합정역,2024-04-15 20:00,여유,14000,16000
626,POI053,합정역,2024-04-15 21:00,여유,14000,16000
627,POI053,합정역,2024-04-15 22:00,여유,14000,16000
628,POI053,합정역,2024-04-15 23:00,여유,12000,14000
629,POI053,합정역,2024-04-16 00:00,여유,12000,14000
630,POI053,합정역,2024-04-16 01:00,여유,12000,14000
631,POI053,합정역,2024-04-16 02:00,여유,12000,14000
632,POI053,합정역,2024-04-16 03:00,여유,12000,14000
633,POI053,합정역,2024-04-16 04:00,여유,12000,14000
634,POI053,합정역,2024-04-16 05:00,여유,12000,14000
635,POI053,합정역,2024-04-16 06:00,여유,12000,14000
636,POI054,혜화역,2024-04-15 19:00,보통,12000,14000
637,POI054,혜화역,2024-04-15 20:00,보통,12000,14000
638,POI054,혜화역,2024-04-15 21:00,보통,10000,12000
639,POI054,혜화역,2024-04-15 22:00,보통,9500,10000
640,POI054,혜화역,2024-04-15 23:00,여유,7000,7500
641,POI054,혜화역,2024-04-16 00:00,여유,5000,5500
642,POI054,혜화역,2024-04-16 01:00,여유,4000,4500
643,POI054,혜화역,2024-04-16 02:00,여유,3500,4000
644,POI054,혜화역,2024-04-16 03:00,여유,3000,3500
645,POI054,혜화역,2024-04-16 04:00,여유,3000,3500
646,POI054,혜화역,2024-04-16 05:00,여유,2500,3000
647,POI054,혜화역,2024-04-16 06:00,여유,3000,3500
648,POI055,홍대입구역(2호선),2024-04-15 19:00,약간 붐빔,18000,20000
649,POI055,홍대입구역(2호선),2024-04-15 20:00,약간 붐빔,18000,20000
650,POI055,홍대입구역(2호선),2024-04-15 21:00,보통,16000,18000
651,POI055,홍대입구역(2호선),2024-04-15 22:00,보통,12000,14000
652,POI055,홍대입구역(2호선),2024-04-15 23:00,여유,10000,12000
653,POI055,홍대입구역(2호선),2024-04-16 00:00,여유,7500,8000
654,POI055,홍대입구역(2호선),2024-04-16 01:00,여유,5500,6000
655,POI055,홍대입구역(2호선),2024-04-16 02:00,여유,4500,5000
656,POI055,홍대입구역(2호선),2024-04-16 03:00,여유,4000,4500
657,POI055,홍대입구역(2호선),2024-04-16 04:00,여유,4000,4500
658,POI055,홍대입구역(2호선),2024-04-16 05:00,여유,4000,4500
659,POI055,홍대입구역(2호선),2024-04-16 06:00,여유,4000,4500
660,POI056,회기역,2024-04-15 19:00,약간 붐빔,12000,14000
661,POI056,회기역,2024-04-15 20:00,약간 붐빔,12000,14000
662,POI056,회기역,2024-04-15 21:00,보통,10000,12000
663,POI056,회기역,2024-04-15 22:00,보통,10000,12000
664,POI056,회기역,2024-04-15 23:00,보통,9500,10000
665,POI056,회기역,2024-04-16 00:00,여유,8500,9000
666,POI056,회기역,2024-04-16 01:00,여유,8000,8500
667,POI056,회기역,2024-04-16 02:00,여유,7000,7500
668,POI056,회기역,2024-04-16 03:00,여유,6500,7000
669,POI056,회기역,2024-04-16 04:00,여유,6500,7000
670,POI056,회기역,2024-04-16 05:00,여유,6000,6500
671,POI056,회기역,2024-04-16 06:00,여유,6500,7000
672,POI057,4·19 카페거리,2024-04-15 19:00,보통,900,1000
673,POI057,4·19 카페거리,2024-04-15 20:00,보통,1000,1500
674,POI057,4·19 카페거리,2024-04-15 21:00,보통,1000,1500
675,POI057,4·19 카페거리,2024-04-15 22:00,보통,1000,1500
676,POI057,4·19 카페거리,2024-04-15 23:00,보통,900,1000
677,POI057,4·19 카페거리,2024-04-16 00:00,보통,900,1000
678,POI057,4·19 카페거리,2024-04-16 01:00,여유,900,1000
679,POI057,4·19 카페거리,2024-04-16 02:00,여유,900,1000
680,POI057,4·19 카페거리,2024-04-16 03:00,여유,900,1000
681,POI057,4·19 카페거리,2024-04-16 04:00,여유,900,1000
682,POI057,4·19 카페거리,2024-04-16 05:00,여유,900,1000
683,POI057,4·19 카페거리,2024-04-16 06:00,보통,900,1000
684,POI058,가락시장,2024-04-15 19:00,붐빔,7500,8000
685,POI058,가락시장,2024-04-15 20:00,붐빔,7000,7500
686,POI058,가락시장,2024-04-15 21:00,붐빔,7000,7500
687,POI058,가락시장,2024-04-15 22:00,붐빔,7000,7500
688,POI058,가락시장,2024-04-15 23:00,붐빔,7000,7500
689,POI058,가락시장,2024-04-16 00:00,붐빔,7000,7500
690,POI058,가락시장,2024-04-16 01:00,붐빔,7000,7500
691,POI058,가락시장,2024-04-16 02:00,붐빔,7000,7500
692,POI058,가락시장,2024-04-16 03:00,붐빔,7000,7500
693,POI058,가락시장,2024-04-16 04:00,붐빔,7000,7500
694,POI058,가락시장,2024-04-16 05:00,붐빔,7000,7500
695,POI058,가락시장,2024-04-16 06:00,붐빔,7500,8000
696,POI059,가로수길,2024-04-15 19:00,약간 붐빔,26000,28000
697,POI059,가로수길,2024-04-15 20:00,약간 붐빔,24000,26000
698,POI059,가로수길,2024-04-15 21:00,보통,20000,22000
699,POI059,가로수길,2024-04-15 22:00,여유,16000,18000
700,POI059,가로수길,2024-04-15 23:00,여유,12000,14000
701,POI059,가로수길,2024-04-16 00:00,여유,10000,12000
702,POI059,가로수길,2024-04-16 01:00,여유,8500,9000
703,POI059,가로수길,2024-04-16 02:00,여유,7500,8000
704,POI059,가로수길,2024-04-16 03:00,여유,7000,7500
705,POI059,가로수길,2024-04-16 04:00,여유,6500,7000
706,POI059,가로수길,2024-04-16 05:00,여유,6000,6500
707,POI059,가로수길,2024-04-16 06:00,여유,6500,7000
708,POI060,광장(전통)시장,2024-04-15 19:00,약간 붐빔,4000,4500
709,POI060,광장(전통)시장,2024-04-15 20:00,보통,3500,4000
710,POI060,광장(전통)시장,2024-04-15 21:00,보통,3000,3500
711,POI060,광장(전통)시장,2024-04-15 22:00,여유,2500,3000
712,POI060,광장(전통)시장,2024-04-15 23:00,여유,2000,2500
713,POI060,광장(전통)시장,2024-04-16 00:00,여유,2000,2500
714,POI060,광장(전통)시장,2024-04-16 01:00,여유,1500,2000
715,POI060,광장(전통)시장,2024-04-16 02:00,여유,1500,2000
716,POI060,광장(전통)시장,2024-04-16 03:00,여유,1000,1500
717,POI060,광장(전통)시장,2024-04-16 04:00,여유,1000,1500
718,POI060,광장(전통)시장,2024-04-16 05:00,여유,1000,1500
719,POI060,광장(전통)시장,2024-04-16 06:00,여유,1000,1500
720,POI061,김포공항,2024-04-15 19:00,약간 붐빔,10000,12000
721,POI061,김포공항,2024-04-15 20:00,보통,8500,9000
722,POI061,김포공항,2024-04-15 21:00,보통,6500,7000
723,POI061,김포공항,2024-04-15 22:00,여유,5000,5500
724,POI061,김포공항,2024-04-15 23:00,여유,4000,4500
725,POI061,김포공항,2024-04-16 00:00,여유,3000,3500
726,POI061,김포공항,2024-04-16 01:00,여유,2000,2500
727,POI061,김포공항,2024-04-16 02:00,여유,1500,2000
728,POI061,김포공항,2024-04-16 03:00,여유,1500,2000
729,POI061,김포공항,2024-04-16 04:00,여유,1500,2000
730,POI061,김포공항,2024-04-16 05:00,여유,1500,2000
731,POI061,김포공항,2024-04-16 06:00,여유,2500,3000
732,POI062,낙산공원·이화마을,2024-04-15 19:00,약간 붐빔,100,200
733,POI062,낙산공원·이화마을,2024-04-15 20:00,약간 붐빔,200,300
734,POI062,낙산공원·이화마을,2024-04-15 21:00,붐빔,200,300
735,POI062,낙산공원·이화마을,2024-04-15 22:00,붐빔,200,300
736,POI062,낙산공원·이화마을,2024-04-15 23:00,붐빔,200,300
737,POI062,낙산공원·이화마을,2024-04-16 00:00,붐빔,200,300
738,POI062,낙산공원·이화마을,2024-04-16 01:00,붐빔,200,300
739,POI062,낙산공원·이화마을,2024-04-16 02:00,붐빔,200,300
740,POI062,낙산공원·이화마을,2024-04-16 03:00,붐빔,200,300
741,POI062,낙산공원·이화마을,2024-04-16 04:00,붐빔,200,300
742,POI062,낙산공원·이화마을,2024-04-16 05:00,붐빔,200,300
743,POI062,낙산공원·이화마을,2024-04-16 06:00,붐빔,200,300
744,POI063,노량진,2024-04-15 19:00,붐빔,18000,20000
745,POI063,노량진,2024-04-15 20:00,약간 붐빔,16000,18000
746,POI063,노량진,2024-04-15 21:00,보통,14000,16000
747,POI063,노량진,2024-04-15 22:00,보통,12000,14000
748,POI063,노량진,2024-04-15 23:00,여유,10000,12000
749,POI063,노량진,2024-04-16 00:00,여유,8000,8500
750,POI063,노량진,2024-04-16 01:00,여유,7000,7500
751,POI063,노량진,2024-04-16 02:00,여유,6500,7000
752,POI063,노량진,2024-04-16 03:00,여유,6000,6500
753,POI063,노량진,2024-04-16 04:00,여유,6000,6500
754,POI063,노량진,2024-04-16 05:00,여유,6000,6500
755,POI063,노량진,2024-04-16 06:00,여유,6500,7000
756,POI064,덕수궁길·정동길,2024-04-15 19:00,보통,3500,4000
757,POI064,덕수궁길·정동길,2024-04-15 20:00,보통,3000,3500
758,POI064,덕수궁길·정동길,2024-04-15 21:00,여유,2000,2500
759,POI064,덕수궁길·정동길,2024-04-15 22:00,여유,1500,2000
760,POI064,덕수궁길·정동길,2024-04-15 23:00,여유,1500,2000
761,POI064,덕수궁길·정동길,2024-04-16 00:00,여유,1000,1500
762,POI064,덕수궁길·정동길,2024-04-16 01:00,여유,1000,1500
763,POI064,덕수궁길·정동길,2024-04-16 02:00,여유,1000,1500
764,POI064,덕수궁길·정동길,2024-04-16 03:00,여유,900,1000
765,POI064,덕수궁길·정동길,2024-04-16 04:00,여유,900,1000
766,POI064,덕수궁길·정동길,2024-04-16 05:00,여유,900,1000
767,POI064,덕수궁길·정동길,2024-04-16 06:00,여유,900,1000
768,POI065,방배역 먹자골목,2024-04-15 19:00,붐빔,1500,2000
769,POI065,방배역 먹자골목,2024-04-15 20:00,약간 붐빔,1000,1500
770,POI065,방배역 먹자골목,2024-04-15 21:00,보통,1000,1500
771,POI065,방배역 먹자골목,2024-04-15 22:00,보통,700,800
772,POI065,방배역 먹자골목,2024-04-15 23:00,여유,500,600
773,POI065,방배역 먹자골목,2024-04-16 00:00,여유,400,500
774,POI065,방배역 먹자골목,2024-04-16 01:00,여유,200,300
775,POI065,방배역 먹자골목,2024-04-16 02:00,여유,200,300
776,POI065,방배역 먹자골목,2024-04-16 03:00,여유,200,300
777,POI065,방배역 먹자골목,2024-04-16 04:00,여유,100,200
778,POI065,방배역 먹자골목,2024-04-16 05:00,여유,100,200
779,POI065,방배역 먹자골목,2024-04-16 06:00,여유,200,300
780,POI066,북촌한옥마을,2024-04-15 19:00,여유,10000,12000
781,POI066,북촌한옥마을,2024-04-15 20:00,여유,9500,10000
782,POI066,북촌한옥마을,2024-04-15 21:00,여유,8000,8500
783,POI066,북촌한옥마을,2024-04-15 22:00,여유,7000,7500
784,POI066,북촌한옥마을,2024-04-15 23:00,여유,6000,6500
785,POI066,북촌한옥마을,2024-04-16 00:00,여유,5500,6000
786,POI066,북촌한옥마을,2024-04-16 01:00,여유,5500,6000
787,POI066,북촌한옥마을,2024-04-16 02:00,여유,5000,5500
788,POI066,북촌한옥마을,2024-04-16 03:00,여유,5000,5500
789,POI066,북촌한옥마을,2024-04-16 04:00,여유,5000,5500
790,POI066,북촌한옥마을,2024-04-16 05:00,여유,5000,5500
791,POI066,북촌한옥마을,2024-04-16 06:00,여유,5500,6000
792,POI067,서촌,2024-04-15 19:00,보통,12000,14000
793,POI067,서촌,2024-04-15 20:00,보통,12000,14000
794,POI067,서촌,2024-04-15 21:00,여유,12000,14000
795,POI067,서촌,2024-04-15 22:00,여유,10000,12000
796,POI067,서촌,2024-04-15 23:00,여유,10000,12000
797,POI067,서촌,2024-04-16 00:00,여유,10000,12000
798,POI067,서촌,2024-04-16 01:00,여유,10000,12000
799,POI067,서촌,2024-04-16 02:00,여유,10000,12000
800,POI067,서촌,2024-04-16 03:00,여유,10000,12000
801,POI067,서촌,2024-04-16 04:00,여유,10000,12000
802,POI067,서촌,2024-04-16 05:00,여유,10000,12000
803,POI067,서촌,2024-04-16 06:00,여유,10000,12000
804,POI068,성수카페거리,2024-04-15 19:00,약간 붐빔,28000,30000
805,POI068,성수카페거리,2024-04-15 20:00,보통,24000,26000
806,POI068,성수카페거리,2024-04-15 21:00,여유,18000,20000
807,POI068,성수카페거리,2024-04-15 22:00,여유,14000,16000
808,POI068,성수카페거리,2024-04-15 23:00,여유,12000,14000
809,POI068,성수카페거리,2024-04-16 00:00,여유,10000,12000
810,POI068,성수카페거리,2024-04-16 01:00,여유,9000,9500
811,POI068,성수카페거리,2024-04-16 02:00,여유,8000,8500
812,POI068,성수카페거리,2024-04-16 03:00,여유,7500,8000
813,POI068,성수카페거리,2024-04-16 04:00,여유,7500,8000
814,POI068,성수카페거리,2024-04-16 05:00,여유,7500,8000
815,POI068,성수카페거리,2024-04-16 06:00,여유,7000,7500
816,POI069,수유리 먹자골목,2024-04-15 19:00,보통,4500,5000
817,POI069,수유리 먹자골목,2024-04-15 20:00,보통,4500,5000
818,POI069,수유리 먹자골목,2024-04-15 21:00,보통,4500,5000
819,POI069,수유리 먹자골목,2024-04-15 22:00,여유,4500,5000
820,POI069,수유리 먹자골목,2024-04-15 23:00,여유,4000,4500
821,POI069,수유리 먹자골목,2024-04-16 00:00,여유,4000,4500
822,POI069,수유리 먹자골목,2024-04-16 01:00,여유,4000,4500
823,POI069,수유리 먹자골목,2024-04-16 02:00,여유,3500,4000
824,POI069,수유리 먹자골목,2024-04-16 03:00,여유,3500,4000
825,POI069,수유리 먹자골목,2024-04-16 04:00,여유,3500,4000
826,POI069,수유리 먹자골목,2024-04-16 05:00,여유,3500,4000
827,POI069,수유리 먹자골목,2024-04-16 06:00,여유,3500,4000
828,POI070,쌍문동 맛집거리,2024-04-15 19:00,붐빔,4000,4500
829,POI070,쌍문동 맛집거리,2024-04-15 20:00,붐빔,4000,4500
830,POI070,쌍문동 맛집거리,2024-04-15 21:00,약간 붐빔,3500,4000
831,POI070,쌍문동 맛집거리,2024-04-15 22:00,보통,3000,3500
832,POI070,쌍문동 맛집거리,2024-04-15 23:00,보통,3000,3500
833,POI070,쌍문동 맛집거리,2024-04-16 00:00,여유,2500,3000
834,POI070,쌍문동 맛집거리,2024-04-16 01:00,여유,2000,2500
835,POI070,쌍문동 맛집거리,2024-04-16 02:00,여유,2000,2500
836,POI070,쌍문동 맛집거리,2024-04-16 03:00,여유,2000,2500
837,POI070,쌍문동 맛집거리,2024-04-16 04:00,여유,2000,2500
838,POI070,쌍문동 맛집거리,2024-04-16 05:00,여유,2000,2500
839,POI070,쌍문동 맛집거리,2024-04-16 06:00,여유,2000,2500
840,POI071,압구정로데오거리,2024-04-15 19:00,약간 붐빔,20000,22000
841,POI071,압구정로데오거리,2024-04-15 20:00,보통,18000,20000
842,POI071,압구정로데오거리,2024-04-15 21:00,보통,14000,16000
843,POI071,압구정로데오거리,2024-04-15 22:00,여유,12000,14000
844,POI071,압구정로데오거리,2024-04-15 23:00,여유,9500,10000
845,POI071,압구정로데오거리,2024-04-16 00:00,여유,7500,8000
846,POI071,압구정로데오거리,2024-04-16 01:00,여유,6000,6500
847,POI071,압구정로데오거리,2024-04-16 02:00,여유,5000,5500
848,POI071,압구정로데오거리,2024-04-16 03:00,여유,4500,5000
849,POI071,압구정로데오거리,2024-04-16 04:00,여유,4000,4500
850,POI071,압구정로데오거리,2024-04-16 05:00,여유,3500,4000
851,POI071,압구정로데오거리,2024-04-16 06:00,여유,3500,4000
852,POI072,여의도,2024-04-15 19:00,약간 붐빔,120000,125000
853,POI072,여의도,2024-04-15 20:00,보통,96000,98000
854,POI072,여의도,2024-04-15 21:00,여유,78000,80000
855,POI072,여의도,2024-04-15 22:00,여유,66000,68000
856,POI072,여의도,2024-04-15 23:00,여유,56000,58000
857,POI072,여의도,2024-04-16 00:00,여유,48000,50000
858,POI072,여의도,2024-04-16 01:00,여유,44000,46000
859,POI072,여의도,2024-04-16 02:00,여유,40000,42000
860,POI072,여의도,2024-04-16 03:00,여유,38000,40000
861,POI072,여의도,2024-04-16 04:00,여유,38000,40000
862,POI072,여의도,2024-04-16 05:00,여유,38000,40000
863,POI072,여의도,2024-04-16 06:00,여유,40000,42000
864,POI073,연남동,2024-04-15 19:00,보통,10000,12000
865,POI073,연남동,2024-04-15 20:00,보통,10000,12000
866,POI073,연남동,2024-04-15 21:00,보통,10000,12000
867,POI073,연남동,2024-04-15 22:00,보통,9500,10000
868,POI073,연남동,2024-04-15 23:00,여유,8500,9000
869,POI073,연남동,2024-04-16 00:00,여유,7500,8000
870,POI073,연남동,2024-04-16 01:00,여유,7500,8000
871,POI073,연남동,2024-04-16 02:00,여유,7000,7500
872,POI073,연남동,2024-04-16 03:00,여유,7000,7500
873,POI073,연남동,2024-04-16 04:00,여유,7000,7500
874,POI073,연남동,2024-04-16 05:00,여유,7000,7500
875,POI073,연남동,2024-04-16 06:00,여유,7000,7500
876,POI074,영등포 타임스퀘어,2024-04-15 19:00,약간 붐빔,16000,18000
877,POI074,영등포 타임스퀘어,2024-04-15 20:00,보통,16000,18000
878,POI074,영등포 타임스퀘어,2024-04-15 21:00,보통,12000,14000
879,POI074,영등포 타임스퀘어,2024-04-15 22:00,여유,10000,12000
880,POI074,영등포 타임스퀘어,2024-04-15 23:00,여유,8000,8500
881,POI074,영등포 타임스퀘어,2024-04-16 00:00,여유,6500,7000
882,POI074,영등포 타임스퀘어,2024-04-16 01:00,여유,5000,5500
883,POI074,영등포 타임스퀘어,2024-04-16 02:00,여유,4500,5000
884,POI074,영등포 타임스퀘어,2024-04-16 03:00,여유,4000,4500
885,POI074,영등포 타임스퀘어,2024-04-16 04:00,여유,3500,4000
886,POI074,영등포 타임스퀘어,2024-04-16 05:00,여유,3500,4000
887,POI074,영등포 타임스퀘어,2024-04-16 06:00,여유,3500,4000
888,POI075,외대앞,2024-04-15 19:00,붐빔,3000,3500
889,POI075,외대앞,2024-04-15 20:00,붐빔,3000,3500
890,POI075,외대앞,2024-04-15 21:00,붐빔,3000,3500
891,POI075,외대앞,2024-04-15 22:00,붐빔,3000,3500
892,POI075,외대앞,2024-04-15 23:00,약간 붐빔,2500,3000
893,POI075,외대앞,2024-04-16 00:00,보통,2500,3000
894,POI075,외대앞,2024-04-16 01:00,여유,2000,2500
895,POI075,외대앞,2024-04-16 02:00,여유,2000,2500
896,POI075,외대앞,2024-04-16 03:00,여유,1500,2000
897,POI075,외대앞,2024-04-16 04:00,여유,1500,2000
898,POI075,외대앞,2024-04-16 05:00,여유,1500,2000
899,POI075,외대앞,2024-04-16 06:00,여유,2000,2500
900,POI076,용리단길,2024-04-15 19:00,보통,4000,4500
901,POI076,용리단길,2024-04-15 20:00,보통,3500,4000
902,POI076,용리단길,2024-04-15 21:00,여유,3000,3500
903,POI076,용리단길,2024-04-15 22:00,여유,3000,3500
904,POI076,용리단길,2024-04-15 23:00,여유,2500,3000
905,POI076,용리단길,2024-04-16 00:00,여유,2500,3000
906,POI076,용리단길,2024-04-16 01:00,여유,2500,3000
907,POI076,용리단길,2024-04-16 02:00,여유,2000,2500
908,POI076,용리단길,2024-04-16 03:00,여유,2000,2500
909,POI076,용리단길,2024-04-16 04:00,여유,2000,2500
910,POI076,용리단길,2024-04-16 05:00,여유,2000,2500
911,POI076,용리단길,2024-04-16 06:00,여유,2000,2500
912,POI077,이태원 앤틱가구거리,2024-04-15 19:00,보통,4500,5000
913,POI077,이태원 앤틱가구거리,2024-04-15 20:00,약간 붐빔,4500,5000
914,POI077,이태원 앤틱가구거리,2024-04-15 21:00,보통,4500,5000
915,POI077,이태원 앤틱가구거리,2024-04-15 22:00,보통,4000,4500
916,POI077,이태원 앤틱가구거리,2024-04-15 23:00,여유,4000,4500
917,POI077,이태원 앤틱가구거리,2024-04-16 00:00,여유,3500,4000
918,POI077,이태원 앤틱가구거리,2024-04-16 01:00,여유,3500,4000
919,POI077,이태원 앤틱가구거리,2024-04-16 02:00,여유,3500,4000
920,POI077,이태원 앤틱가구거리,2024-04-16 03:00,여유,3000,3500
921,POI077,이태원 앤틱가구거리,2024-04-16 04:00,여유,3000,3500
922,POI077,이태원 앤틱가구거리,2024-04-16 05:00,여유,3000,3500
923,POI077,이태원 앤틱가구거리,2024-04-16 06:00,여유,3000,3500
924,POI078,인사동·익선동,2024-04-15 19:00,약간 붐빔,18000,20000
925,POI078,인사동·익선동,2024-04-15 20:00,보통,16000,18000
926,POI078,인사동·익선동,2024-04-15 21:00,보통,12000,14000
927,POI078,인사동·익선동,2024-04-15 22:00,여유,10000,12000
928,POI078,인사동·익선동,2024-04-15 23:00,여유,8000,8500
929,POI078,인사동·익선동,2024-04-16 00:00,여유,6000,6500
930,POI078,인사동·익선동,2024-04-16 01:00,여유,5000,5500
931,POI078,인사동·익선동,2024-04-16 02:00,여유,4500,5000
932,POI078,인사동·익선동,2024-04-16 03:00,여유,4500,5000
933,POI078,인사동·익선동,2024-04-16 04:00,여유,4000,4500
934,POI078,인사동·익선동,2024-04-16 05:00,여유,4000,4500
935,POI078,인사동·익선동,2024-04-16 06:00,여유,4000,4500
936,POI079,창동 신경제 중심지,2024-04-15 19:00,보통,46000,48000
937,POI079,창동 신경제 중심지,2024-04-15 20:00,보통,46000,48000
938,POI079,창동 신경제 중심지,2024-04-15 21:00,보통,44000,46000
939,POI079,창동 신경제 중심지,2024-04-15 22:00,여유,44000,46000
940,POI079,창동 신경제 중심지,2024-04-15 23:00,여유,42000,44000
941,POI079,창동 신경제 중심지,2024-04-16 00:00,여유,40000,42000
942,POI079,창동 신경제 중심지,2024-04-16 01:00,여유,38000,40000
943,POI079,창동 신경제 중심지,2024-04-16 02:00,여유,36000,38000
944,POI079,창동 신경제 중심지,2024-04-16 03:00,여유,36000,38000
945,POI079,창동 신경제 중심지,2024-04-16 04:00,여유,36000,38000
946,POI079,창동 신경제 중심지,2024-04-16 05:00,여유,36000,38000
947,POI079,창동 신경제 중심지,2024-04-16 06:00,여유,36000,38000
948,POI080,청담동 명품거리,2024-04-15 19:00,약간 붐빔,6500,7000
949,POI080,청담동 명품거리,2024-04-15 20:00,보통,5500,6000
950,POI080,청담동 명품거리,2024-04-15 21:00,여유,4500,5000
951,POI080,청담동 명품거리,2024-04-15 22:00,여유,3500,4000
952,POI080,청담동 명품거리,2024-04-15 23:00,여유,3000,3500
953,POI080,청담동 명품거리,2024-04-16 00:00,여유,2500,3000
954,POI080,청담동 명품거리,2024-04-16 01:00,여유,2000,2500
955,POI080,청담동 명품거리,2024-04-16 02:00,여유,1500,2000
956,POI080,청담동 명품거리,2024-04-16 03:00,여유,1500,2000
957,POI080,청담동 명품거리,2024-04-16 04:00,여유,1500,2000
958,POI080,청담동 명품거리,2024-04-16 05:00,여유,1500,2000
959,POI080,청담동 명품거리,2024-04-16 06:00,여유,1500,2000
960,POI081,청량리 제기동 일대 전통시장,2024-04-15 19:00,보통,10000,12000
961,POI081,청량리 제기동 일대 전통시장,2024-04-15 20:00,여유,10000,12000
962,POI081,청량리 제기동 일대 전통시장,2024-04-15 21:00,여유,8500,9000
963,POI081,청량리 제기동 일대 전통시장,2024-04-15 22:00,여유,7500,8000
964,POI081,청량리 제기동 일대 전통시장,2024-04-15 23:00,여유,6500,7000
965,POI081,청량리 제기동 일대 전통시장,2024-04-16 00:00,여유,6000,6500
966,POI081,청량리 제기동 일대 전통시장,2024-04-16 01:00,여유,6500,7000
967,POI081,청량리 제기동 일대 전통시장,2024-04-16 02:00,여유,7000,7500
968,POI081,청량리 제기동 일대 전통시장,2024-04-16 03:00,여유,7000,7500
969,POI081,청량리 제기동 일대 전통시장,2024-04-16 04:00,여유,7000,7500
970,POI081,청량리 제기동 일대 전통시장,2024-04-16 05:00,여유,7000,7500
971,POI081,청량리 제기동 일대 전통시장,2024-04-16 06:00,여유,7500,8000
972,POI082,해방촌·경리단길,2024-04-15 19:00,여유,4000,4500
973,POI082,해방촌·경리단길,2024-04-15 20:00,보통,4000,4500
974,POI082,해방촌·경리단길,2024-04-15 21:00,보통,4000,4500
975,POI082,해방촌·경리단길,2024-04-15 22:00,보통,4000,4500
976,POI082,해방촌·경리단길,2024-04-15 23:00,보통,4000,4500
977,POI082,해방촌·경리단길,2024-04-16 00:00,여유,4000,4500
978,POI082,해방촌·경리단길,2024-04-16 01:00,여유,3500,4000
979,POI082,해방촌·경리단길,2024-04-16 02:00,여유,3500,4000
980,POI082,해방촌·경리단길,2024-04-16 03:00,여유,3500,4000
981,POI082,해방촌·경리단길,2024-04-16 04:00,여유,3000,3500
982,POI082,해방촌·경리단길,2024-04-16 05:00,여유,3000,3500
983,POI082,해방촌·경리단길,2024-04-16 06:00,여유,3500,4000
984,POI083,DDP(동대문디자인플라자),2024-04-15 19:00,약간 붐빔,4000,4500
985,POI083,DDP(동대문디자인플라자),2024-04-15 20:00,보통,3500,4000
986,POI083,DDP(동대문디자인플라자),2024-04-15 21:00,보통,3000,3500
987,POI083,DDP(동대문디자인플라자),2024-04-15 22:00,보통,3000,3500
988,POI083,DDP(동대문디자인플라자),2024-04-15 23:00,보통,2500,3000
989,POI083,DDP(동대문디자인플라자),2024-04-16 00:00,여유,2000,2500
990,POI083,DDP(동대문디자인플라자),2024-04-16 01:00,여유,2000,2500
991,POI083,DDP(동대문디자인플라자),2024-04-16 02:00,여유,1500,2000
992,POI083,DDP(동대문디자인플라자),2024-04-16 03:00,여유,1000,1500
993,POI083,DDP(동대문디자인플라자),2024-04-16 04:00,여유,1000,1500
994,POI083,DDP(동대문디자인플라자),2024-04-16 05:00,여유,1000,1500
995,POI083,DDP(동대문디자인플라자),2024-04-16 06:00,여유,1000,1500
996,POI084,DMC(디지털미디어시티),2024-04-15 19:00,붐빔,32000,34000
997,POI084,DMC(디지털미디어시티),2024-04-15 20:00,보통,26000,28000
998,POI084,DMC(디지털미디어시티),2024-04-15 21:00,여유,22000,24000
999,POI084,DMC(디지털미디어시티),2024-04-15 22:00,여유,18000,20000
1000,POI084,DMC(디지털미디어시티),2024-04-15 23:00,여유,16000,18000
1001,POI084,DMC(디지털미디어시티),2024-04-16 00:00,여유,16000,18000
1002,POI084,DMC(디지털미디어시티),2024-04-16 01:00,여유,14000,16000
1003,POI084,DMC(디지털미디어시티),2024-04-16 02:00,여유,12000,14000
1004,POI084,DMC(디지털미디어시티),2024-04-16 03:00,여유,12000,14000
1005,POI084,DMC(디지털미디어시티),2024-04-16 04:00,여유,12000,14000
1006,POI084,DMC(디지털미디어시티),2024-04-16 05:00,여유,12000,14000
1007,POI084,DMC(디지털미디어시티),2024-04-16 06:00,여유,10000,12000
1008,POI085,강서한강공원,2024-04-15 19:00,보통,0,0
1009,POI085,강서한강공원,2024-04-15 20:00,보통,0,0
1010,POI085,강서한강공원,2024-04-15 21:00,보통,0,0
1011,POI085,강서한강공원,2024-04-15 22:00,여유,0,0
1012,POI085,강서한강공원,2024-04-15 23:00,여유,0,0
1013,POI085,강서한강공원,2024-04-16 00:00,여유,0,0
1014,POI085,강서한강공원,2024-04-16 01:00,여유,0,0
1015,POI085,강서한강공원,2024-04-16 02:00,여유,0,0
1016,POI085,강서한강공원,2024-04-16 03:00,여유,0,0
1017,POI085,강서한강공원,2024-04-16 04:00,여유,0,0
1018,POI085,강서한강공원,2024-04-16 05:00,여유,0,0
1019,POI085,강서한강공원,2024-04-16 06:00,여유,0,0
1020,POI086,고척돔,2024-04-15 19:00,여유,700,800
1021,POI086,고척돔,2024-04-15 20:00,여유,800,900
1022,POI086,고척돔,2024-04-15 21:00,여유,700,800
1023,POI086,고척돔,2024-04-15 22:00,여유,700,800
1024,POI086,고척돔,2024-04-15 23:00,여유,600,700
1025,POI086,고척돔,2024-04-16 00:00,여유,600,700
1026,POI086,고척돔,2024-04-16 01:00,여유,600,700
1027,POI086,고척돔,2024-04-16 02:00,여유,600,700
1028,POI086,고척돔,2024-04-16 03:00,여유,600,700
1029,POI086,고척돔,2024-04-16 04:00,여유,500,600
1030,POI086,고척돔,2024-04-16 05:00,여유,600,700
1031,POI086,고척돔,2024-04-16 06:00,여유,600,700
1032,POI087,광나루한강공원,2024-04-15 19:00,보통,4000,4500
1033,POI087,광나루한강공원,2024-04-15 20:00,보통,3500,4000
1034,POI087,광나루한강공원,2024-04-15 21:00,보통,3500,4000
1035,POI087,광나루한강공원,2024-04-15 22:00,여유,3000,3500
1036,POI087,광나루한강공원,2024-04-15 23:00,여유,2500,3000
1037,POI087,광나루한강공원,2024-04-16 00:00,여유,2500,3000
1038,POI087,광나루한강공원,2024-04-16 01:00,여유,2000,2500
1039,POI087,광나루한강공원,2024-04-16 02:00,여유,2000,2500
1040,POI087,광나루한강공원,2024-04-16 03:00,여유,2000,2500
1041,POI087,광나루한강공원,2024-04-16 04:00,여유,2000,2500
1042,POI087,광나루한강공원,2024-04-16 05:00,여유,2000,2500
1043,POI087,광나루한강공원,2024-04-16 06:00,여유,2500,3000
1044,POI088,광화문광장,2024-04-15 19:00,보통,4500,5000
1045,POI088,광화문광장,2024-04-15 20:00,보통,3500,4000
1046,POI088,광화문광장,2024-04-15 21:00,여유,2500,3000
1047,POI088,광화문광장,2024-04-15 22:00,여유,1500,2000
1048,POI088,광화문광장,2024-04-15 23:00,여유,1000,1500
1049,POI088,광화문광장,2024-04-16 00:00,여유,600,700
1050,POI088,광화문광장,2024-04-16 01:00,여유,300,400
1051,POI088,광화문광장,2024-04-16 02:00,여유,200,300
1052,POI088,광화문광장,2024-04-16 03:00,여유,100,200
1053,POI088,광화문광장,2024-04-16 04:00,여유,100,200
1054,POI088,광화문광장,2024-04-16 05:00,여유,100,200
1055,POI088,광화문광장,2024-04-16 06:00,여유,100,200
1056,POI089,국립중앙박물관·용산가족공원,2024-04-15 19:00,여유,1500,2000
1057,POI089,국립중앙박물관·용산가족공원,2024-04-15 20:00,여유,1000,1500
1058,POI089,국립중앙박물관·용산가족공원,2024-04-15 21:00,여유,900,1000
1059,POI089,국립중앙박물관·용산가족공원,2024-04-15 22:00,여유,800,900
1060,POI089,국립중앙박물관·용산가족공원,2024-04-15 23:00,여유,800,900
1061,POI089,국립중앙박물관·용산가족공원,2024-04-16 00:00,여유,700,800
1062,POI089,국립중앙박물관·용산가족공원,2024-04-16 01:00,여유,700,800
1063,POI089,국립중앙박물관·용산가족공원,2024-04-16 02:00,여유,700,800
1064,POI089,국립중앙박물관·용산가족공원,2024-04-16 03:00,여유,700,800
1065,POI089,국립중앙박물관·용산가족공원,2024-04-16 04:00,여유,700,800
1066,POI089,국립중앙박물관·용산가족공원,2024-04-16 05:00,여유,800,900
1067,POI089,국립중앙박물관·용산가족공원,2024-04-16 06:00,여유,800,900
1068,POI090,난지한강공원,2024-04-15 19:00,약간 붐빔,2000,2500
1069,POI090,난지한강공원,2024-04-15 20:00,약간 붐빔,1500,2000
1070,POI090,난지한강공원,2024-04-15 21:00,보통,1500,2000
1071,POI090,난지한강공원,2024-04-15 22:00,보통,1000,1500
1072,POI090,난지한강공원,2024-04-15 23:00,여유,1000,1500
1073,POI090,난지한강공원,2024-04-16 00:00,여유,800,900
1074,POI090,난지한강공원,2024-04-16 01:00,여유,600,700
1075,POI090,난지한강공원,2024-04-16 02:00,여유,500,600
1076,POI090,난지한강공원,2024-04-16 03:00,여유,400,500
1077,POI090,난지한강공원,2024-04-16 04:00,여유,300,400
1078,POI090,난지한강공원,2024-04-16 05:00,여유,400,500
1079,POI090,난지한강공원,2024-04-16 06:00,여유,800,900
1080,POI091,남산공원,2024-04-15 19:00,보통,12000,14000
1081,POI091,남산공원,2024-04-15 20:00,보통,12000,14000
1082,POI091,남산공원,2024-04-15 21:00,여유,10000,12000
1083,POI091,남산공원,2024-04-15 22:00,여유,9000,9500
1084,POI091,남산공원,2024-04-15 23:00,여유,8000,8500
1085,POI091,남산공원,2024-04-16 00:00,여유,7000,7500
1086,POI091,남산공원,2024-04-16 01:00,여유,6500,7000
1087,POI091,남산공원,2024-04-16 02:00,여유,6000,6500
1088,POI091,남산공원,2024-04-16 03:00,여유,6000,6500
1089,POI091,남산공원,2024-04-16 04:00,여유,6000,6500
1090,POI091,남산공원,2024-04-16 05:00,여유,5500,6000
1091,POI091,남산공원,2024-04-16 06:00,여유,6000,6500
1092,POI092,노들섬,2024-04-15 19:00,여유,900,1000
1093,POI092,노들섬,2024-04-15 20:00,여유,1000,1500
1094,POI092,노들섬,2024-04-15 21:00,여유,900,1000
1095,POI092,노들섬,2024-04-15 22:00,여유,700,800
1096,POI092,노들섬,2024-04-15 23:00,여유,500,600
1097,POI092,노들섬,2024-04-16 00:00,여유,400,500
1098,POI092,노들섬,2024-04-16 01:00,여유,300,400
1099,POI092,노들섬,2024-04-16 02:00,여유,300,400
1100,POI092,노들섬,2024-04-16 03:00,여유,200,300
1101,POI092,노들섬,2024-04-16 04:00,여유,200,300
1102,POI092,노들섬,2024-04-16 05:00,여유,300,400
1103,POI092,노들섬,2024-04-16 06:00,여유,300,400
1104,POI093,뚝섬한강공원,2024-04-15 19:00,여유,2500,3000
1105,POI093,뚝섬한강공원,2024-04-15 20:00,여유,2500,3000
1106,POI093,뚝섬한강공원,2024-04-15 21:00,여유,2000,2500
1107,POI093,뚝섬한강공원,2024-04-15 22:00,여유,2000,2500
1108,POI093,뚝섬한강공원,2024-04-15 23:00,여유,2000,2500
1109,POI093,뚝섬한강공원,2024-04-16 00:00,여유,1500,2000
1110,POI093,뚝섬한강공원,2024-04-16 01:00,여유,1500,2000
1111,POI093,뚝섬한강공원,2024-04-16 02:00,여유,1500,2000
1112,POI093,뚝섬한강공원,2024-04-16 03:00,여유,1500,2000
1113,POI093,뚝섬한강공원,2024-04-16 04:00,여유,1500,2000
1114,POI093,뚝섬한강공원,2024-04-16 05:00,여유,1500,2000
1115,POI093,뚝섬한강공원,2024-04-16 06:00,여유,1500,2000
1116,POI094,망원한강공원,2024-04-15 19:00,보통,1500,2000
1117,POI094,망원한강공원,2024-04-15 20:00,약간 붐빔,1500,2000
1118,POI094,망원한강공원,2024-04-15 21:00,보통,1500,2000
1119,POI094,망원한강공원,2024-04-15 22:00,보통,1000,1500
1120,POI094,망원한강공원,2024-04-15 23:00,보통,1000,1500
1121,POI094,망원한강공원,2024-04-16 00:00,여유,1000,1500
1122,POI094,망원한강공원,2024-04-16 01:00,여유,1000,1500
1123,POI094,망원한강공원,2024-04-16 02:00,여유,900,1000
1124,POI094,망원한강공원,2024-04-16 03:00,여유,900,1000
1125,POI094,망원한강공원,2024-04-16 04:00,여유,900,1000
1126,POI094,망원한강공원,2024-04-16 05:00,여유,900,1000
1127,POI094,망원한강공원,2024-04-16 06:00,여유,1000,1500
1128,POI095,반포한강공원,2024-04-15 19:00,보통,2000,2500
1129,POI095,반포한강공원,2024-04-15 20:00,보통,2000,2500
1130,POI095,반포한강공원,2024-04-15 21:00,보통,2000,2500
1131,POI095,반포한강공원,2024-04-15 22:00,여유,2000,2500
1132,POI095,반포한강공원,2024-04-15 23:00,여유,1500,2000
1133,POI095,반포한강공원,2024-04-16 00:00,여유,1000,1500
1134,POI095,반포한강공원,2024-04-16 01:00,여유,1000,1500
1135,POI095,반포한강공원,2024-04-16 02:00,여유,800,900
1136,POI095,반포한강공원,2024-04-16 03:00,여유,600,700
1137,POI095,반포한강공원,2024-04-16 04:00,여유,500,600
1138,POI095,반포한강공원,2024-04-16 05:00,여유,600,700
1139,POI095,반포한강공원,2024-04-16 06:00,여유,1000,1500
1140,POI096,북서울꿈의숲,2024-04-15 19:00,보통,3500,4000
1141,POI096,북서울꿈의숲,2024-04-15 20:00,붐빔,4000,4500
1142,POI096,북서울꿈의숲,2024-04-15 21:00,붐빔,4000,4500
1143,POI096,북서울꿈의숲,2024-04-15 22:00,붐빔,4000,4500
1144,POI096,북서울꿈의숲,2024-04-15 23:00,붐빔,4000,4500
1145,POI096,북서울꿈의숲,2024-04-16 00:00,붐빔,4000,4500
1146,POI096,북서울꿈의숲,2024-04-16 01:00,붐빔,4000,4500
1147,POI096,북서울꿈의숲,2024-04-16 02:00,붐빔,4000,4500
1148,POI096,북서울꿈의숲,2024-04-16 03:00,붐빔,4000,4500
1149,POI096,북서울꿈의숲,2024-04-16 04:00,붐빔,4000,4500
1150,POI096,북서울꿈의숲,2024-04-16 05:00,붐빔,4000,4500
1151,POI096,북서울꿈의숲,2024-04-16 06:00,붐빔,4000,4500
1152,POI097,불광천,2024-04-15 19:00,여유,38000,40000
1153,POI097,불광천,2024-04-15 20:00,여유,40000,42000
1154,POI097,불광천,2024-04-15 21:00,여유,42000,44000
1155,POI097,불광천,2024-04-15 22:00,여유,44000,46000
1156,POI097,불광천,2024-04-15 23:00,여유,44000,46000
1157,POI097,불광천,2024-04-16 00:00,여유,46000,48000
1158,POI097,불광천,2024-04-16 01:00,여유,46000,48000
1159,POI097,불광천,2024-04-16 02:00,여유,46000,48000
1160,POI097,불광천,2024-04-16 03:00,여유,46000,48000
1161,POI097,불광천,2024-04-16 04:00,여유,46000,48000
1162,POI097,불광천,2024-04-16 05:00,여유,46000,48000
1163,POI097,불광천,2024-04-16 06:00,여유,46000,48000
1164,POI098,서리풀공원·몽마르뜨공원,2024-04-15 19:00,약간 붐빔,3500,4000
1165,POI098,서리풀공원·몽마르뜨공원,2024-04-15 20:00,보통,3000,3500
1166,POI098,서리풀공원·몽마르뜨공원,2024-04-15 21:00,여유,2500,3000
1167,POI098,서리풀공원·몽마르뜨공원,2024-04-15 22:00,여유,2500,3000
1168,POI098,서리풀공원·몽마르뜨공원,2024-04-15 23:00,여유,2500,3000
1169,POI098,서리풀공원·몽마르뜨공원,2024-04-16 00:00,여유,2000,2500
1170,POI098,서리풀공원·몽마르뜨공원,2024-04-16 01:00,여유,2000,2500
1171,POI098,서리풀공원·몽마르뜨공원,2024-04-16 02:00,여유,2000,2500
1172,POI098,서리풀공원·몽마르뜨공원,2024-04-16 03:00,여유,2000,2500
1173,POI098,서리풀공원·몽마르뜨공원,2024-04-16 04:00,여유,2000,2500
1174,POI098,서리풀공원·몽마르뜨공원,2024-04-16 05:00,여유,2000,2500
1175,POI098,서리풀공원·몽마르뜨공원,2024-04-16 06:00,여유,2000,2500
1176,POI099,서울광장,2024-04-15 19:00,붐빔,2500,3000
1177,POI099,서울광장,2024-04-15 20:00,보통,1500,2000
1178,POI099,서울광장,2024-04-15 21:00,여유,1000,1500
1179,POI099,서울광장,2024-04-15 22:00,여유,900,1000
1180,POI099,서울광장,2024-04-15 23:00,여유,600,700
1181,POI099,서울광장,2024-04-16 00:00,여유,400,500
1182,POI099,서울광장,2024-04-16 01:00,여유,200,300
1183,POI099,서울광장,2024-04-16 02:00,여유,100,200
1184,POI099,서울광장,2024-04-16 03:00,여유,100,200
1185,POI099,서울광장,2024-04-16 04:00,여유,100,200
1186,POI099,서울광장,2024-04-16 05:00,여유,100,200
1187,POI099,서울광장,2024-04-16 06:00,여유,100,200
1188,POI100,서울대공원,2024-04-15 19:00,여유,1000,1500
1189,POI100,서울대공원,2024-04-15 20:00,여유,900,1000
1190,POI100,서울대공원,2024-04-15 21:00,여유,800,900
1191,POI100,서울대공원,2024-04-15 22:00,여유,600,700
1192,POI100,서울대공원,2024-04-15 23:00,여유,500,600
1193,POI100,서울대공원,2024-04-16 00:00,여유,400,500
1194,POI100,서울대공원,2024-04-16 01:00,여유,400,500
1195,POI100,서울대공원,2024-04-16 02:00,여유,400,500
1196,POI100,서울대공원,2024-04-16 03:00,여유,400,500
1197,POI100,서울대공원,2024-04-16 04:00,여유,400,500
1198,POI100,서울대공원,2024-04-16 05:00,여유,400,500
1199,POI100,서울대공원,2024-04-16 06:00,여유,600,700
1200,POI101,서울숲공원,2024-04-15 19:00,보통,6500,7000
1201,POI101,서울숲공원,2024-04-15 20:00,여유,6000,6500
1202,POI101,서울숲공원,2024-04-15 21:00,여유,5500,6000
1203,POI101,서울숲공원,2024-04-15 22:00,여유,5000,5500
1204,POI101,서울숲공원,2024-04-15 23:00,여유,4000,4500
1205,POI101,서울숲공원,2024-04-16 00:00,여유,3500,4000
1206,POI101,서울숲공원,2024-04-16 01:00,여유,2500,3000
1207,POI101,서울숲공원,2024-04-16 02:00,여유,2000,2500
1208,POI101,서울숲공원,2024-04-16 03:00,여유,2000,2500
1209,POI101,서울숲공원,2024-04-16 04:00,여유,2000,2500
1210,POI101,서울숲공원,2024-04-16 05:00,여유,2000,2500
1211,POI101,서울숲공원,2024-04-16 06:00,여유,3000,3500
1212,POI102,아차산,2024-04-15 19:00,여유,5000,5500
1213,POI102,아차산,2024-04-15 20:00,여유,5000,5500
1214,POI102,아차산,2024-04-15 21:00,여유,5000,5500
1215,POI102,아차산,2024-04-15 22:00,여유,5000,5500
1216,POI102,아차산,2024-04-15 23:00,여유,5000,5500
1217,POI102,아차산,2024-04-16 00:00,여유,5000,5500
1218,POI102,아차산,2024-04-16 01:00,여유,5000,5500
1219,POI102,아차산,2024-04-16 02:00,여유,5000,5500
1220,POI102,아차산,2024-04-16 03:00,여유,5000,5500
1221,POI102,아차산,2024-04-16 04:00,여유,5000,5500
1222,POI102,아차산,2024-04-16 05:00,여유,5000,5500
1223,POI102,아차산,2024-04-16 06:00,여유,5000,5500
1224,POI103,양화한강공원,2024-04-15 19:00,약간 붐빔,1000,1500
1225,POI103,양화한강공원,2024-04-15 20:00,보통,1000,1500
1226,POI103,양화한강공원,2024-04-15 21:00,보통,1000,1500
1227,POI103,양화한강공원,2024-04-15 22:00,여유,800,900
1228,POI103,양화한강공원,2024-04-15 23:00,여유,700,800
1229,POI103,양화한강공원,2024-04-16 00:00,여유,600,700
1230,POI103,양화한강공원,2024-04-16 01:00,여유,500,600
1231,POI103,양화한강공원,2024-04-16 02:00,여유,400,500
1232,POI103,양화한강공원,2024-04-16 03:00,여유,400,500
1233,POI103,양화한강공원,2024-04-16 04:00,여유,400,500
1234,POI103,양화한강공원,2024-04-16 05:00,여유,400,500
1235,POI103,양화한강공원,2024-04-16 06:00,여유,400,500
1236,POI104,어린이대공원,2024-04-15 19:00,여유,5000,5500
1237,POI104,어린이대공원,2024-04-15 20:00,여유,5000,5500
1238,POI104,어린이대공원,2024-04-15 21:00,여유,4500,5000
1239,POI104,어린이대공원,2024-04-15 22:00,여유,4000,4500
1240,POI104,어린이대공원,2024-04-15 23:00,여유,3500,4000
1241,POI104,어린이대공원,2024-04-16 00:00,여유,3500,4000
1242,POI104,어린이대공원,2024-04-16 01:00,여유,3000,3500
1243,POI104,어린이대공원,2024-04-16 02:00,여유,3000,3500
1244,POI104,어린이대공원,2024-04-16 03:00,여유,3000,3500
1245,POI104,어린이대공원,2024-04-16 04:00,여유,3000,3500
1246,POI104,어린이대공원,2024-04-16 05:00,여유,3000,3500
1247,POI104,어린이대공원,2024-04-16 06:00,여유,3000,3500
1248,POI105,여의도한강공원,2024-04-15 19:00,여유,3000,3500
1249,POI105,여의도한강공원,2024-04-15 20:00,여유,3000,3500
1250,POI105,여의도한강공원,2024-04-15 21:00,여유,2500,3000
1251,POI105,여의도한강공원,2024-04-15 22:00,여유,2000,2500
1252,POI105,여의도한강공원,2024-04-15 23:00,여유,1500,2000
1253,POI105,여의도한강공원,2024-04-16 00:00,여유,1000,1500
1254,POI105,여의도한강공원,2024-04-16 01:00,여유,1000,1500
1255,POI105,여의도한강공원,2024-04-16 02:00,여유,800,900
1256,POI105,여의도한강공원,2024-04-16 03:00,여유,700,800
1257,POI105,여의도한강공원,2024-04-16 04:00,여유,700,800
1258,POI105,여의도한강공원,2024-04-16 05:00,여유,700,800
1259,POI105,여의도한강공원,2024-04-16 06:00,여유,1000,1500
1260,POI106,월드컵공원,2024-04-15 19:00,보통,7000,7500
1261,POI106,월드컵공원,2024-04-15 20:00,여유,6500,7000
1262,POI106,월드컵공원,2024-04-15 21:00,여유,6000,6500
1263,POI106,월드컵공원,2024-04-15 22:00,여유,5000,5500
1264,POI106,월드컵공원,2024-04-15 23:00,여유,4500,5000
1265,POI106,월드컵공원,2024-04-16 00:00,여유,4000,4500
1266,POI106,월드컵공원,2024-04-16 01:00,여유,3500,4000
1267,POI106,월드컵공원,2024-04-16 02:00,여유,3000,3500
1268,POI106,월드컵공원,2024-04-16 03:00,여유,2500,3000
1269,POI106,월드컵공원,2024-04-16 04:00,여유,2500,3000
1270,POI106,월드컵공원,2024-04-16 05:00,여유,3000,3500
1271,POI106,월드컵공원,2024-04-16 06:00,여유,3500,4000
1272,POI107,응봉산,2024-04-15 19:00,약간 붐빔,3000,3500
1273,POI107,응봉산,2024-04-15 20:00,붐빔,3000,3500
1274,POI107,응봉산,2024-04-15 21:00,붐빔,3000,3500
1275,POI107,응봉산,2024-04-15 22:00,붐빔,3000,3500
1276,POI107,응봉산,2024-04-15 23:00,약간 붐빔,3000,3500
1277,POI107,응봉산,2024-04-16 00:00,약간 붐빔,2500,3000
1278,POI107,응봉산,2024-04-16 01:00,보통,2500,3000
1279,POI107,응봉산,2024-04-16 02:00,보통,2500,3000
1280,POI107,응봉산,2024-04-16 03:00,여유,2500,3000
1281,POI107,응봉산,2024-04-16 04:00,여유,2000,2500
1282,POI107,응봉산,2024-04-16 05:00,여유,2500,3000
1283,POI107,응봉산,2024-04-16 06:00,보통,2500,3000
1284,POI108,이촌한강공원,2024-04-15 19:00,약간 붐빔,3500,4000
1285,POI108,이촌한강공원,2024-04-15 20:00,약간 붐빔,3500,4000
1286,POI108,이촌한강공원,2024-04-15 21:00,보통,3000,3500
1287,POI108,이촌한강공원,2024-04-15 22:00,보통,2500,3000
1288,POI108,이촌한강공원,2024-04-15 23:00,여유,2500,3000
1289,POI108,이촌한강공원,2024-04-16 00:00,여유,2000,2500
1290,POI108,이촌한강공원,2024-04-16 01:00,여유,2000,2500
1291,POI108,이촌한강공원,2024-04-16 02:00,여유,1500,2000
1292,POI108,이촌한강공원,2024-04-16 03:00,여유,1500,2000
1293,POI108,이촌한강공원,2024-04-16 04:00,여유,1500,2000
1294,POI108,이촌한강공원,2024-04-16 05:00,여유,1500,2000
1295,POI108,이촌한강공원,2024-04-16 06:00,여유,2000,2500
1296,POI109,잠실종합운동장,2024-04-15 19:00,여유,2000,2500
1297,POI109,잠실종합운동장,2024-04-15 20:00,여유,2500,3000
1298,POI109,잠실종합운동장,2024-04-15 21:00,여유,2000,2500
1299,POI109,잠실종합운동장,2024-04-15 22:00,여유,2000,2500
1300,POI109,잠실종합운동장,2024-04-15 23:00,여유,1500,2000
1301,POI109,잠실종합운동장,2024-04-16 00:00,여유,1500,2000
1302,POI109,잠실종합운동장,2024-04-16 01:00,여유,1500,2000
1303,POI109,잠실종합운동장,2024-04-16 02:00,여유,1000,1500
1304,POI109,잠실종합운동장,2024-04-16 03:00,여유,1000,1500
1305,POI109,잠실종합운동장,2024-04-16 04:00,여유,1500,2000
1306,POI109,잠실종합운동장,2024-04-16 05:00,여유,1500,2000
1307,POI109,잠실종합운동장,2024-04-16 06:00,여유,2000,2500
1308,POI110,잠실한강공원,2024-04-15 19:00,보통,2500,3000
1309,POI110,잠실한강공원,2024-04-15 20:00,약간 붐빔,3000,3500
1310,POI110,잠실한강공원,2024-04-15 21:00,약간 붐빔,3000,3500
1311,POI110,잠실한강공원,2024-04-15 22:00,약간 붐빔,3000,3500
1312,POI110,잠실한강공원,2024-04-15 23:00,보통,2500,3000
1313,POI110,잠실한강공원,2024-04-16 00:00,보통,2500,3000
1314,POI110,잠실한강공원,2024-04-16 01:00,여유,2000,2500
1315,POI110,잠실한강공원,2024-04-16 02:00,여유,2000,2500
1316,POI110,잠실한강공원,2024-04-16 03:00,여유,2000,2500
1317,POI110,잠실한강공원,2024-04-16 04:00,여유,2000,2500
1318,POI110,잠실한강공원,2024-04-16 05:00,여유,2000,2500
1319,POI110,잠실한강공원,2024-04-16 06:00,보통,2500,3000
1320,POI111,잠원한강공원,2024-04-15 19:00,보통,1500,2000
1321,POI111,잠원한강공원,2024-04-15 20:00,보통,1500,2000
1322,POI111,잠원한강공원,2024-04-15 21:00,보통,1500,2000
1323,POI111,잠원한강공원,2024-04-15 22:00,보통,1000,1500
1324,POI111,잠원한강공원,2024-04-15 23:00,여유,1000,1500
1325,POI111,잠원한강공원,2024-04-16 00:00,여유,1000,1500
1326,POI111,잠원한강공원,2024-04-16 01:00,여유,800,900
1327,POI111,잠원한강공원,2024-04-16 02:00,여유,700,800
1328,POI111,잠원한강공원,2024-04-16 03:00,여유,600,700
1329,POI111,잠원한강공원,2024-04-16 04:00,여유,600,700
1330,POI111,잠원한강공원,2024-04-16 05:00,여유,600,700
1331,POI111,잠원한강공원,2024-04-16 06:00,여유,900,1000
1332,POI112,청계산,2024-04-15 19:00,여유,600,700
1333,POI112,청계산,2024-04-15 20:00,여유,600,700
1334,POI112,청계산,2024-04-15 21:00,여유,600,700
1335,POI112,청계산,2024-04-15 22:00,여유,500,600
1336,POI112,청계산,2024-04-15 23:00,여유,500,600
1337,POI112,청계산,2024-04-16 00:00,여유,500,600
1338,POI112,청계산,2024-04-16 01:00,여유,400,500
1339,POI112,청계산,2024-04-16 02:00,여유,400,500
1340,POI112,청계산,2024-04-16 03:00,여유,400,500
1341,POI112,청계산,2024-04-16 04:00,여유,400,500
1342,POI112,청계산,2024-04-16 05:00,여유,400,500
1343,POI112,청계산,2024-04-16 06:00,여유,500,600
1344,POI113,청와대,2024-04-15 19:00,여유,100,200
1345,POI113,청와대,2024-04-15 20:00,여유,0,0
1346,POI113,청와대,2024-04-15 21:00,여유,0,0
1347,POI113,청와대,2024-04-15 22:00,여유,0,0
1348,POI113,청와대,2024-04-15 23:00,여유,0,0
1349,POI113,청와대,2024-04-16 00:00,여유,0,0
1350,POI113,청와대,2024-04-16 01:00,여유,0,0
1351,POI113,청와대,2024-04-16 02:00,여유,0,0
1352,POI113,청와대,2024-04-16 03:00,여유,0,0
1353,POI113,청와대,2024-04-16 04:00,여유,0,0
1354,POI113,청와대,2024-04-16 05:00,여유,0,0
1355,POI113,청와대,2024-04-16 06:00,여유,0,0
1356,POI114,북창동 먹자골목,2024-04-15 19:00,약간 붐빔,7000,7500
1357,POI114,북창동 먹자골목,2024-04-15 20:00,보통,6000,6500
1358,POI114,북창동 먹자골목,2024-04-15 21:00,보통,4500,5000
1359,POI114,북창동 먹자골목,2024-04-15 22:00,여유,3000,3500
1360,POI114,북창동 먹자골목,2024-04-15 23:00,여유,2000,2500
1361,POI114,북창동 먹자골목,2024-04-16 00:00,여유,1000,1500
1362,POI114,북창동 먹자골목,2024-04-16 01:00,여유,900,1000
1363,POI114,북창동 먹자골목,2024-04-16 02:00,여유,700,800
1364,POI114,북창동 먹자골목,2024-04-16 03:00,여유,600,700
1365,POI114,북창동 먹자골목,2024-04-16 04:00,여유,500,600
1366,POI114,북창동 먹자골목,2024-04-16 05:00,여유,400,500
1367,POI114,북창동 먹자골목,2024-04-16 06:00,여유,500,600
1368,POI115,남대문시장,2024-04-15 19:00,보통,7500,8000
1369,POI115,남대문시장,2024-04-15 20:00,여유,5500,6000
1370,POI115,남대문시장,2024-04-15 21:00,여유,3500,4000
1371,POI115,남대문시장,2024-04-15 22:00,여유,2500,3000
1372,POI115,남대문시장,2024-04-15 23:00,여유,1500,2000
1373,POI115,남대문시장,2024-04-16 00:00,여유,1000,1500
1374,POI115,남대문시장,2024-04-16 01:00,여유,1000,1500
1375,POI115,남대문시장,2024-04-16 02:00,여유,900,1000
1376,POI115,남대문시장,2024-04-16 03:00,여유,800,900
1377,POI115,남대문시장,2024-04-16 04:00,여유,800,900
1378,POI115,남대문시장,2024-04-16 05:00,여유,800,900
1379,POI115,남대문시장,2024-04-16 06:00,여유,800,900
